,lat_cascades,lon_cascades
0,40.71875,-122.71875
1,40.78125,-122.96875
2,40.78125,-122.71875
3,40.84375,-122.96875
4,40.84375,-122.90625
5,40.84375,-122.65625
6,40.84375,-122.53125
7,40.90625,-122.96875
8,40.90625,-122.90625
9,40.90625,-122.84375
10,40.90625,-122.65625
11,40.90625,-122.59375
12,40.90625,-122.53125
13,40.96875,-122.96875
14,40.96875,-122.90625
15,40.96875,-122.84375
16,40.96875,-122.78125
17,40.96875,-122.59375
18,40.96875,-122.53125
19,41.03125,-122.96875
20,41.03125,-122.90625
21,41.03125,-122.84375
22,41.03125,-122.78125
23,41.03125,-122.59375
24,41.03125,-122.53125
25,41.09375,-122.96875
26,41.09375,-122.90625
27,41.09375,-122.84375
28,41.09375,-122.78125
29,41.09375,-122.71875
30,41.09375,-122.65625
31,41.09375,-122.59375
32,41.09375,-122.53125
33,41.15625,-122.96875
34,41.15625,-122.90625
35,41.15625,-122.84375
36,41.15625,-122.78125
37,41.15625,-122.71875
38,41.15625,-122.65625
39,41.15625,-122.59375
40,41.15625,-122.53125
41,41.21875,-122.96875
42,41.21875,-122.90625
43,41.21875,-122.84375
44,41.21875,-122.78125
45,41.21875,-122.71875
46,41.21875,-122.65625
47,41.21875,-122.59375
48,41.21875,-122.53125
49,41.28125,-122.96875
50,41.28125,-122.90625
51,41.28125,-122.84375
52,41.28125,-122.78125
53,41.28125,-122.71875
54,41.28125,-122.65625
55,41.28125,-122.59375
56,41.28125,-122.53125
57,41.34375,-122.96875
58,41.34375,-122.90625
59,41.34375,-122.65625
60,41.34375,-122.59375
61,41.34375,-122.53125
62,41.40625,-122.96875
63,41.40625,-122.59375
64,41.40625,-122.53125
65,41.46875,-122.96875
66,41.46875,-122.71875
67,41.46875,-122.65625
68,41.46875,-122.53125
69,41.53125,-122.71875
70,41.53125,-122.65625
71,41.53125,-122.21875
72,41.53125,-122.15625
73,41.53125,-122.09375
74,41.53125,-122.03125
75,41.53125,-121.96875
76,41.53125,-121.90625
77,41.53125,-121.84375
78,41.53125,-121.78125
79,41.53125,-121.71875
80,41.53125,-121.65625
81,41.53125,-121.59375
82,41.53125,-121.53125
83,41.53125,-121.46875
84,41.53125,-120.34375
85,41.53125,-120.28125
86,41.53125,-119.90625
87,41.59375,-122.65625
88,41.59375,-122.59375
89,41.59375,-122.21875
90,41.59375,-122.15625
91,41.59375,-122.09375
92,41.59375,-122.03125
93,41.59375,-121.96875
94,41.59375,-121.90625
95,41.59375,-121.84375
96,41.59375,-121.78125
97,41.59375,-121.71875
98,41.59375,-121.65625
99,41.59375,-121.59375
100,41.59375,-121.53125
101,41.59375,-121.46875
102,41.59375,-120.34375
103,41.59375,-120.28125
104,41.59375,-120.21875
105,41.65625,-122.78125
106,41.65625,-122.71875
107,41.65625,-122.65625
108,41.65625,-122.28125
109,41.65625,-122.21875
110,41.65625,-122.15625
111,41.65625,-122.09375
112,41.65625,-121.78125
113,41.65625,-121.71875
114,41.65625,-121.65625
115,41.65625,-121.59375
116,41.65625,-121.53125
117,41.65625,-121.46875
118,41.65625,-120.34375
119,41.65625,-120.28125
120,41.71875,-122.96875
121,41.71875,-122.90625
122,41.71875,-122.84375
123,41.71875,-122.78125
124,41.71875,-122.71875
125,41.71875,-122.21875
126,41.71875,-122.15625
127,41.71875,-122.09375
128,41.71875,-121.90625
129,41.71875,-120.28125
130,41.71875,-120.21875
131,41.78125,-122.84375
132,41.78125,-122.78125
133,41.78125,-122.28125
134,41.78125,-122.21875
135,41.78125,-122.15625
136,41.78125,-120.34375
137,41.78125,-120.28125
138,41.84375,-122.28125
139,41.84375,-122.21875
140,41.84375,-122.15625
141,41.84375,-120.21875
142,41.90625,-122.96875
143,41.90625,-122.90625
144,41.90625,-122.78125
145,41.90625,-122.65625
146,41.90625,-122.28125
147,41.90625,-122.21875
148,41.90625,-120.28125
149,41.90625,-120.21875
150,41.96875,-122.96875
151,41.96875,-122.90625
152,41.96875,-122.84375
153,41.96875,-122.78125
154,41.96875,-122.71875
155,41.96875,-120.78125
156,41.96875,-120.71875
157,41.96875,-120.65625
158,41.96875,-120.59375
159,41.96875,-120.53125
160,41.96875,-120.28125
161,41.96875,-120.21875
162,41.96875,-120.15625
163,41.96875,-120.09375
164,42.03125,-122.96875
165,42.03125,-122.90625
166,42.03125,-122.84375
167,42.03125,-122.78125
168,42.03125,-122.71875
169,42.03125,-122.59375
170,42.03125,-122.53125
171,42.03125,-122.46875
172,42.03125,-121.96875
173,42.03125,-121.28125
174,42.03125,-120.90625
175,42.03125,-120.84375
176,42.03125,-120.78125
177,42.03125,-120.71875
178,42.03125,-120.65625
179,42.03125,-120.28125
180,42.03125,-120.21875
181,42.03125,-120.15625
182,42.03125,-120.09375
183,42.09375,-122.96875
184,42.09375,-122.90625
185,42.09375,-122.84375
186,42.09375,-122.78125
187,42.09375,-122.71875
188,42.09375,-122.65625
189,42.09375,-122.59375
190,42.09375,-122.53125
191,42.09375,-122.46875
192,42.09375,-122.40625
193,42.09375,-122.28125
194,42.09375,-122.21875
195,42.09375,-122.15625
196,42.09375,-122.09375
197,42.09375,-122.03125
198,42.09375,-121.96875
199,42.09375,-121.34375
200,42.09375,-120.96875
201,42.09375,-120.90625
202,42.09375,-120.84375
203,42.09375,-120.78125
204,42.09375,-120.71875
205,42.09375,-120.65625
206,42.09375,-120.59375
207,42.09375,-120.28125
208,42.09375,-120.21875
209,42.09375,-120.15625
210,42.15625,-122.84375
211,42.15625,-122.78125
212,42.15625,-122.71875
213,42.15625,-122.53125
214,42.15625,-122.46875
215,42.15625,-122.40625
216,42.15625,-122.34375
217,42.15625,-122.28125
218,42.15625,-122.21875
219,42.15625,-122.15625
220,42.15625,-122.09375
221,42.15625,-120.96875
222,42.15625,-120.90625
223,42.15625,-120.84375
224,42.15625,-120.78125
225,42.15625,-120.71875
226,42.15625,-120.28125
227,42.15625,-120.21875
228,42.15625,-120.15625
229,42.21875,-122.90625
230,42.21875,-122.53125
231,42.21875,-122.46875
232,42.21875,-122.40625
233,42.21875,-122.34375
234,42.21875,-122.28125
235,42.21875,-122.21875
236,42.21875,-122.15625
237,42.21875,-122.09375
238,42.21875,-122.03125
239,42.21875,-121.21875
240,42.21875,-121.03125
241,42.21875,-120.96875
242,42.21875,-120.90625
243,42.21875,-120.84375
244,42.21875,-120.78125
245,42.21875,-120.65625
246,42.21875,-120.59375
247,42.21875,-120.28125
248,42.21875,-120.21875
249,42.21875,-120.15625
250,42.28125,-122.65625
251,42.28125,-122.59375
252,42.28125,-122.53125
253,42.28125,-122.46875
254,42.28125,-122.40625
255,42.28125,-122.34375
256,42.28125,-122.28125
257,42.28125,-122.21875
258,42.28125,-122.15625
259,42.28125,-122.09375
260,42.28125,-122.03125
261,42.28125,-121.96875
262,42.28125,-121.71875
263,42.28125,-121.28125
264,42.28125,-121.21875
265,42.28125,-121.09375
266,42.28125,-121.03125
267,42.28125,-120.96875
268,42.28125,-120.90625
269,42.28125,-120.84375
270,42.28125,-120.78125
271,42.28125,-120.71875
272,42.28125,-120.65625
273,42.28125,-120.59375
274,42.28125,-120.53125
275,42.28125,-120.28125
276,42.28125,-120.21875
277,42.28125,-120.15625
278,42.28125,-120.09375
279,42.28125,-119.90625
280,42.34375,-122.46875
281,42.34375,-122.40625
282,42.34375,-122.34375
283,42.34375,-122.28125
284,42.34375,-122.21875
285,42.34375,-122.15625
286,42.34375,-122.09375
287,42.34375,-122.03125
288,42.34375,-121.96875
289,42.34375,-121.59375
290,42.34375,-121.34375
291,42.34375,-121.28125
292,42.34375,-121.21875
293,42.34375,-121.15625
294,42.34375,-121.09375
295,42.34375,-120.84375
296,42.34375,-120.78125
297,42.34375,-120.71875
298,42.34375,-120.65625
299,42.34375,-120.59375
300,42.34375,-120.53125
301,42.34375,-120.46875
302,42.34375,-120.21875
303,42.34375,-120.15625
304,42.40625,-122.46875
305,42.40625,-122.40625
306,42.40625,-122.34375
307,42.40625,-122.28125
308,42.40625,-122.21875
309,42.40625,-122.15625
310,42.40625,-122.09375
311,42.40625,-122.03125
312,42.40625,-121.96875
313,42.40625,-121.84375
314,42.40625,-121.78125
315,42.40625,-121.71875
316,42.40625,-121.65625
317,42.40625,-121.59375
318,42.40625,-121.46875
319,42.40625,-121.15625
320,42.40625,-120.84375
321,42.40625,-120.78125
322,42.40625,-120.71875
323,42.40625,-120.65625
324,42.40625,-120.59375
325,42.40625,-120.53125
326,42.40625,-120.46875
327,42.40625,-120.40625
328,42.40625,-120.21875
329,42.40625,-120.15625
330,42.40625,-119.78125
331,42.46875,-122.53125
332,42.46875,-122.46875
333,42.46875,-122.40625
334,42.46875,-122.34375
335,42.46875,-122.28125
336,42.46875,-122.21875
337,42.46875,-122.15625
338,42.46875,-122.09375
339,42.46875,-121.84375
340,42.46875,-121.78125
341,42.46875,-121.71875
342,42.46875,-121.65625
343,42.46875,-120.90625
344,42.46875,-120.84375
345,42.46875,-120.78125
346,42.46875,-120.71875
347,42.46875,-120.65625
348,42.46875,-120.53125
349,42.46875,-120.46875
350,42.46875,-120.21875
351,42.46875,-120.15625
352,42.53125,-122.40625
353,42.53125,-122.34375
354,42.53125,-122.28125
355,42.53125,-122.21875
356,42.53125,-122.15625
357,42.53125,-122.09375
358,42.53125,-122.03125
359,42.53125,-121.84375
360,42.53125,-121.78125
361,42.53125,-121.71875
362,42.53125,-121.65625
363,42.53125,-120.96875
364,42.53125,-120.90625
365,42.53125,-120.84375
366,42.53125,-120.78125
367,42.53125,-120.71875
368,42.53125,-120.65625
369,42.53125,-120.53125
370,42.53125,-120.21875
371,42.53125,-120.15625
372,42.59375,-122.53125
373,42.59375,-122.40625
374,42.59375,-122.34375
375,42.59375,-122.28125
376,42.59375,-122.21875
377,42.59375,-122.15625
378,42.59375,-122.09375
379,42.59375,-122.03125
380,42.59375,-121.90625
381,42.59375,-121.84375
382,42.59375,-121.78125
383,42.59375,-121.59375
384,42.59375,-121.53125
385,42.59375,-121.46875
386,42.59375,-121.40625
387,42.59375,-121.28125
388,42.59375,-121.21875
389,42.59375,-121.15625
390,42.59375,-121.03125
391,42.59375,-120.96875
392,42.59375,-120.90625
393,42.59375,-120.84375
394,42.59375,-120.78125
395,42.59375,-120.71875
396,42.59375,-120.65625
397,42.59375,-120.53125
398,42.65625,-122.59375
399,42.65625,-122.53125
400,42.65625,-122.46875
401,42.65625,-122.40625
402,42.65625,-122.34375
403,42.65625,-122.28125
404,42.65625,-122.21875
405,42.65625,-122.15625
406,42.65625,-122.09375
407,42.65625,-122.03125
408,42.65625,-121.90625
409,42.65625,-121.84375
410,42.65625,-121.78125
411,42.65625,-121.71875
412,42.65625,-121.65625
413,42.65625,-121.59375
414,42.65625,-121.53125
415,42.65625,-121.46875
416,42.65625,-121.40625
417,42.65625,-121.34375
418,42.65625,-121.28125
419,42.65625,-121.21875
420,42.65625,-121.09375
421,42.65625,-121.03125
422,42.65625,-120.96875
423,42.65625,-120.90625
424,42.65625,-120.84375
425,42.65625,-120.78125
426,42.65625,-120.71875
427,42.65625,-120.65625
428,42.71875,-122.96875
429,42.71875,-122.34375
430,42.71875,-122.28125
431,42.71875,-122.21875
432,42.71875,-122.15625
433,42.71875,-122.09375
434,42.71875,-121.96875
435,42.71875,-121.90625
436,42.71875,-121.84375
437,42.71875,-121.78125
438,42.71875,-121.71875
439,42.71875,-121.65625
440,42.71875,-121.59375
441,42.71875,-121.53125
442,42.71875,-121.46875
443,42.71875,-121.40625
444,42.71875,-121.34375
445,42.71875,-121.28125
446,42.71875,-120.96875
447,42.71875,-120.90625
448,42.71875,-120.84375
449,42.71875,-120.78125
450,42.78125,-122.96875
451,42.78125,-122.90625
452,42.78125,-122.84375
453,42.78125,-122.78125
454,42.78125,-122.59375
455,42.78125,-122.53125
456,42.78125,-122.40625
457,42.78125,-122.34375
458,42.78125,-122.28125
459,42.78125,-122.21875
460,42.78125,-122.15625
461,42.78125,-122.09375
462,42.78125,-122.03125
463,42.78125,-121.96875
464,42.78125,-121.90625
465,42.78125,-121.84375
466,42.78125,-121.78125
467,42.78125,-121.71875
468,42.78125,-121.65625
469,42.78125,-121.59375
470,42.78125,-121.53125
471,42.78125,-121.40625
472,42.78125,-121.34375
473,42.78125,-121.28125
474,42.78125,-120.90625
475,42.78125,-120.84375
476,42.84375,-122.78125
477,42.84375,-122.71875
478,42.84375,-122.65625
479,42.84375,-122.59375
480,42.84375,-122.53125
481,42.84375,-122.40625
482,42.84375,-122.34375
483,42.84375,-122.28125
484,42.84375,-122.21875
485,42.84375,-122.15625
486,42.84375,-122.09375
487,42.84375,-122.03125
488,42.84375,-121.96875
489,42.84375,-121.90625
490,42.84375,-121.84375
491,42.84375,-121.78125
492,42.84375,-121.71875
493,42.84375,-121.65625
494,42.84375,-121.59375
495,42.84375,-121.53125
496,42.84375,-121.46875
497,42.84375,-121.40625
498,42.84375,-121.34375
499,42.84375,-121.28125
500,42.84375,-121.21875
501,42.84375,-120.96875
502,42.84375,-120.90625
503,42.84375,-120.84375
504,42.90625,-122.84375
505,42.90625,-122.78125
506,42.90625,-122.71875
507,42.90625,-122.65625
508,42.90625,-122.59375
509,42.90625,-122.53125
510,42.90625,-122.46875
511,42.90625,-122.40625
512,42.90625,-122.34375
513,42.90625,-122.28125
514,42.90625,-122.21875
515,42.90625,-122.15625
516,42.90625,-122.09375
517,42.90625,-122.03125
518,42.90625,-121.96875
519,42.90625,-121.90625
520,42.90625,-121.84375
521,42.90625,-121.78125
522,42.90625,-121.65625
523,42.90625,-121.59375
524,42.90625,-121.53125
525,42.90625,-121.46875
526,42.90625,-121.40625
527,42.90625,-121.34375
528,42.90625,-121.28125
529,42.90625,-121.21875
530,42.90625,-121.15625
531,42.90625,-120.96875
532,42.90625,-120.90625
533,42.90625,-120.84375
534,42.96875,-122.78125
535,42.96875,-122.59375
536,42.96875,-122.53125
537,42.96875,-122.46875
538,42.96875,-122.40625
539,42.96875,-122.34375
540,42.96875,-122.28125
541,42.96875,-122.21875
542,42.96875,-122.15625
543,42.96875,-122.09375
544,42.96875,-122.03125
545,42.96875,-121.96875
546,42.96875,-121.90625
547,42.96875,-121.84375
548,42.96875,-121.78125
549,42.96875,-121.71875
550,42.96875,-121.53125
551,42.96875,-121.40625
552,42.96875,-121.34375
553,42.96875,-121.28125
554,42.96875,-121.21875
555,42.96875,-121.15625
556,42.96875,-121.03125
557,42.96875,-120.96875
558,42.96875,-120.90625
559,42.96875,-120.84375
560,43.03125,-122.90625
561,43.03125,-122.78125
562,43.03125,-122.59375
563,43.03125,-122.53125
564,43.03125,-122.46875
565,43.03125,-122.40625
566,43.03125,-122.34375
567,43.03125,-122.28125
568,43.03125,-122.21875
569,43.03125,-122.15625
570,43.03125,-122.09375
571,43.03125,-122.03125
572,43.03125,-121.96875
573,43.03125,-121.90625
574,43.03125,-121.84375
575,43.03125,-121.78125
576,43.03125,-121.71875
577,43.03125,-121.65625
578,43.03125,-121.59375
579,43.03125,-121.53125
580,43.03125,-121.46875
581,43.03125,-121.40625
582,43.03125,-121.34375
583,43.03125,-121.28125
584,43.03125,-121.21875
585,43.03125,-121.03125
586,43.09375,-122.96875
587,43.09375,-122.90625
588,43.09375,-122.84375
589,43.09375,-122.71875
590,43.09375,-122.65625
591,43.09375,-122.59375
592,43.09375,-122.53125
593,43.09375,-122.46875
594,43.09375,-122.40625
595,43.09375,-122.34375
596,43.09375,-122.28125
597,43.09375,-122.21875
598,43.09375,-122.15625
599,43.09375,-122.09375
600,43.09375,-122.03125
601,43.09375,-121.96875
602,43.09375,-121.90625
603,43.09375,-121.84375
604,43.09375,-121.78125
605,43.09375,-121.71875
606,43.09375,-121.65625
607,43.09375,-121.59375
608,43.09375,-121.53125
609,43.09375,-121.46875
610,43.09375,-121.40625
611,43.15625,-122.96875
612,43.15625,-122.90625
613,43.15625,-122.84375
614,43.15625,-122.78125
615,43.15625,-122.71875
616,43.15625,-122.65625
617,43.15625,-122.59375
618,43.15625,-122.53125
619,43.15625,-122.46875
620,43.15625,-122.40625
621,43.15625,-122.34375
622,43.15625,-122.28125
623,43.15625,-122.21875
624,43.15625,-122.15625
625,43.15625,-122.09375
626,43.15625,-122.03125
627,43.15625,-121.96875
628,43.15625,-121.90625
629,43.15625,-121.84375
630,43.15625,-121.78125
631,43.15625,-121.71875
632,43.15625,-121.65625
633,43.15625,-121.59375
634,43.15625,-121.53125
635,43.15625,-121.46875
636,43.15625,-121.40625
637,43.15625,-121.34375
638,43.15625,-121.28125
639,43.21875,-122.90625
640,43.21875,-122.84375
641,43.21875,-122.78125
642,43.21875,-122.71875
643,43.21875,-122.65625
644,43.21875,-122.59375
645,43.21875,-122.53125
646,43.21875,-122.46875
647,43.21875,-122.40625
648,43.21875,-122.34375
649,43.21875,-122.28125
650,43.21875,-122.21875
651,43.21875,-122.15625
652,43.21875,-122.09375
653,43.21875,-122.03125
654,43.21875,-121.96875
655,43.21875,-121.90625
656,43.21875,-121.84375
657,43.21875,-121.78125
658,43.21875,-121.71875
659,43.21875,-121.65625
660,43.21875,-121.59375
661,43.21875,-121.53125
662,43.21875,-121.46875
663,43.21875,-121.40625
664,43.21875,-121.34375
665,43.21875,-121.28125
666,43.28125,-122.84375
667,43.28125,-122.78125
668,43.28125,-122.71875
669,43.28125,-122.65625
670,43.28125,-122.59375
671,43.28125,-122.53125
672,43.28125,-122.46875
673,43.28125,-122.40625
674,43.28125,-122.34375
675,43.28125,-122.28125
676,43.28125,-122.21875
677,43.28125,-122.15625
678,43.28125,-122.09375
679,43.28125,-122.03125
680,43.28125,-121.96875
681,43.28125,-121.90625
682,43.28125,-121.84375
683,43.28125,-121.78125
684,43.28125,-121.71875
685,43.28125,-121.65625
686,43.28125,-121.59375
687,43.28125,-121.53125
688,43.28125,-121.46875
689,43.28125,-121.40625
690,43.28125,-121.34375
691,43.28125,-121.28125
692,43.34375,-122.90625
693,43.34375,-122.84375
694,43.34375,-122.65625
695,43.34375,-122.59375
696,43.34375,-122.53125
697,43.34375,-122.46875
698,43.34375,-122.40625
699,43.34375,-122.34375
700,43.34375,-122.28125
701,43.34375,-122.21875
702,43.34375,-122.15625
703,43.34375,-122.09375
704,43.34375,-122.03125
705,43.34375,-121.96875
706,43.34375,-121.90625
707,43.34375,-121.84375
708,43.34375,-121.78125
709,43.34375,-121.71875
710,43.34375,-121.65625
711,43.34375,-121.59375
712,43.34375,-121.53125
713,43.34375,-121.46875
714,43.34375,-121.40625
715,43.34375,-121.34375
716,43.34375,-121.28125
717,43.40625,-122.96875
718,43.40625,-122.84375
719,43.40625,-122.78125
720,43.40625,-122.71875
721,43.40625,-122.53125
722,43.40625,-122.46875
723,43.40625,-122.40625
724,43.40625,-122.34375
725,43.40625,-122.28125
726,43.40625,-122.21875
727,43.40625,-122.15625
728,43.40625,-122.09375
729,43.40625,-122.03125
730,43.40625,-121.96875
731,43.40625,-121.90625
732,43.40625,-121.84375
733,43.40625,-121.78125
734,43.40625,-121.71875
735,43.40625,-121.65625
736,43.40625,-121.59375
737,43.40625,-121.53125
738,43.40625,-121.46875
739,43.40625,-121.40625
740,43.40625,-121.34375
741,43.40625,-121.28125
742,43.46875,-122.96875
743,43.46875,-122.90625
744,43.46875,-122.84375
745,43.46875,-122.78125
746,43.46875,-122.71875
747,43.46875,-122.65625
748,43.46875,-122.59375
749,43.46875,-122.53125
750,43.46875,-122.46875
751,43.46875,-122.40625
752,43.46875,-122.34375
753,43.46875,-122.28125
754,43.46875,-122.21875
755,43.46875,-122.15625
756,43.46875,-122.09375
757,43.46875,-122.03125
758,43.46875,-121.96875
759,43.46875,-121.90625
760,43.46875,-121.84375
761,43.46875,-121.78125
762,43.46875,-121.71875
763,43.46875,-121.65625
764,43.46875,-121.59375
765,43.46875,-121.53125
766,43.46875,-121.46875
767,43.46875,-121.40625
768,43.53125,-122.96875
769,43.53125,-122.90625
770,43.53125,-122.84375
771,43.53125,-122.78125
772,43.53125,-122.71875
773,43.53125,-122.65625
774,43.53125,-122.59375
775,43.53125,-122.53125
776,43.53125,-122.46875
777,43.53125,-122.40625
778,43.53125,-122.34375
779,43.53125,-122.28125
780,43.53125,-122.21875
781,43.53125,-122.15625
782,43.53125,-122.09375
783,43.53125,-122.03125
784,43.53125,-121.96875
785,43.53125,-121.90625
786,43.53125,-121.84375
787,43.53125,-121.78125
788,43.53125,-121.71875
789,43.53125,-121.65625
790,43.53125,-121.59375
791,43.53125,-121.53125
792,43.53125,-121.40625
793,43.53125,-121.34375
794,43.53125,-121.28125
795,43.53125,-121.21875
796,43.59375,-122.84375
797,43.59375,-122.78125
798,43.59375,-122.71875
799,43.59375,-122.65625
800,43.59375,-122.59375
801,43.59375,-122.53125
802,43.59375,-122.40625
803,43.59375,-122.34375
804,43.59375,-122.28125
805,43.59375,-122.21875
806,43.59375,-122.15625
807,43.59375,-122.09375
808,43.59375,-122.03125
809,43.59375,-121.96875
810,43.59375,-121.90625
811,43.59375,-121.84375
812,43.59375,-121.78125
813,43.59375,-121.71875
814,43.59375,-121.65625
815,43.59375,-121.59375
816,43.59375,-121.40625
817,43.59375,-121.34375
818,43.59375,-121.28125
819,43.59375,-121.21875
820,43.59375,-121.15625
821,43.65625,-122.84375
822,43.65625,-122.71875
823,43.65625,-122.65625
824,43.65625,-122.59375
825,43.65625,-122.53125
826,43.65625,-122.40625
827,43.65625,-122.34375
828,43.65625,-122.28125
829,43.65625,-122.21875
830,43.65625,-122.15625
831,43.65625,-122.09375
832,43.65625,-122.03125
833,43.65625,-121.96875
834,43.65625,-121.90625
835,43.65625,-121.84375
836,43.65625,-121.78125
837,43.65625,-121.71875
838,43.65625,-121.65625
839,43.65625,-121.59375
840,43.65625,-121.40625
841,43.65625,-121.34375
842,43.65625,-121.28125
843,43.65625,-121.21875
844,43.65625,-121.15625
845,43.71875,-122.65625
846,43.71875,-122.59375
847,43.71875,-122.53125
848,43.71875,-122.34375
849,43.71875,-122.28125
850,43.71875,-122.21875
851,43.71875,-122.15625
852,43.71875,-122.09375
853,43.71875,-122.03125
854,43.71875,-121.96875
855,43.71875,-121.90625
856,43.71875,-121.84375
857,43.71875,-121.78125
858,43.71875,-121.71875
859,43.71875,-121.65625
860,43.71875,-121.59375
861,43.71875,-121.40625
862,43.71875,-121.34375
863,43.71875,-121.28125
864,43.71875,-121.21875
865,43.71875,-121.15625
866,43.78125,-122.78125
867,43.78125,-122.71875
868,43.78125,-122.65625
869,43.78125,-122.59375
870,43.78125,-122.40625
871,43.78125,-122.34375
872,43.78125,-122.28125
873,43.78125,-122.21875
874,43.78125,-122.15625
875,43.78125,-122.09375
876,43.78125,-122.03125
877,43.78125,-121.96875
878,43.78125,-121.90625
879,43.78125,-121.84375
880,43.78125,-121.78125
881,43.78125,-121.71875
882,43.78125,-121.65625
883,43.78125,-121.59375
884,43.78125,-121.40625
885,43.78125,-121.34375
886,43.78125,-121.28125
887,43.78125,-121.21875
888,43.78125,-121.15625
889,43.84375,-122.53125
890,43.84375,-122.46875
891,43.84375,-122.34375
892,43.84375,-122.28125
893,43.84375,-122.21875
894,43.84375,-122.15625
895,43.84375,-122.09375
896,43.84375,-122.03125
897,43.84375,-121.96875
898,43.84375,-121.90625
899,43.84375,-121.84375
900,43.84375,-121.78125
901,43.84375,-121.71875
902,43.84375,-121.65625
903,43.84375,-121.59375
904,43.84375,-121.53125
905,43.84375,-121.34375
906,43.84375,-121.28125
907,43.84375,-121.21875
908,43.84375,-121.15625
909,43.90625,-122.53125
910,43.90625,-122.46875
911,43.90625,-122.40625
912,43.90625,-122.34375
913,43.90625,-122.28125
914,43.90625,-122.21875
915,43.90625,-122.15625
916,43.90625,-122.09375
917,43.90625,-122.03125
918,43.90625,-121.96875
919,43.90625,-121.90625
920,43.90625,-121.84375
921,43.90625,-121.78125
922,43.90625,-121.71875
923,43.90625,-121.65625
924,43.90625,-121.59375
925,43.90625,-121.53125
926,43.90625,-121.34375
927,43.90625,-121.28125
928,43.90625,-121.21875
929,43.96875,-122.40625
930,43.96875,-122.34375
931,43.96875,-122.28125
932,43.96875,-122.21875
933,43.96875,-122.15625
934,43.96875,-122.09375
935,43.96875,-122.03125
936,43.96875,-121.96875
937,43.96875,-121.90625
938,43.96875,-121.84375
939,43.96875,-121.78125
940,43.96875,-121.71875
941,43.96875,-121.65625
942,43.96875,-121.59375
943,43.96875,-121.53125
944,43.96875,-121.46875
945,44.03125,-122.53125
946,44.03125,-122.46875
947,44.03125,-122.40625
948,44.03125,-122.34375
949,44.03125,-122.28125
950,44.03125,-122.21875
951,44.03125,-122.15625
952,44.03125,-122.09375
953,44.03125,-122.03125
954,44.03125,-121.96875
955,44.03125,-121.90625
956,44.03125,-121.84375
957,44.03125,-121.78125
958,44.03125,-121.71875
959,44.03125,-121.65625
960,44.03125,-121.59375
961,44.03125,-121.53125
962,44.03125,-121.46875
963,44.09375,-122.59375
964,44.09375,-122.53125
965,44.09375,-122.34375
966,44.09375,-122.28125
967,44.09375,-122.21875
968,44.09375,-122.15625
969,44.09375,-122.09375
970,44.09375,-122.03125
971,44.09375,-121.96875
972,44.09375,-121.90625
973,44.09375,-121.84375
974,44.09375,-121.78125
975,44.09375,-121.71875
976,44.09375,-121.65625
977,44.09375,-121.59375
978,44.09375,-121.53125
979,44.15625,-122.40625
980,44.15625,-122.21875
981,44.15625,-122.15625
982,44.15625,-122.09375
983,44.15625,-122.03125
984,44.15625,-121.96875
985,44.15625,-121.90625
986,44.15625,-121.84375
987,44.15625,-121.78125
988,44.15625,-121.71875
989,44.15625,-121.65625
990,44.15625,-121.59375
991,44.15625,-121.53125
992,44.21875,-122.59375
993,44.21875,-122.53125
994,44.21875,-122.46875
995,44.21875,-122.40625
996,44.21875,-122.34375
997,44.21875,-122.28125
998,44.21875,-122.21875
999,44.21875,-122.15625
1000,44.21875,-122.09375
1001,44.21875,-122.03125
1002,44.21875,-121.96875
1003,44.21875,-121.90625
1004,44.21875,-121.84375
1005,44.21875,-121.78125
1006,44.21875,-121.71875
1007,44.21875,-121.65625
1008,44.28125,-122.59375
1009,44.28125,-122.53125
1010,44.28125,-122.46875
1011,44.28125,-122.40625
1012,44.28125,-122.34375
1013,44.28125,-122.28125
1014,44.28125,-122.21875
1015,44.28125,-122.15625
1016,44.28125,-122.09375
1017,44.28125,-122.03125
1018,44.28125,-121.96875
1019,44.28125,-121.90625
1020,44.28125,-121.84375
1021,44.28125,-121.78125
1022,44.28125,-121.71875
1023,44.28125,-121.65625
1024,44.34375,-122.53125
1025,44.34375,-122.46875
1026,44.34375,-122.40625
1027,44.34375,-122.34375
1028,44.34375,-122.28125
1029,44.34375,-122.21875
1030,44.34375,-122.15625
1031,44.34375,-122.09375
1032,44.34375,-122.03125
1033,44.34375,-121.96875
1034,44.34375,-121.90625
1035,44.34375,-121.84375
1036,44.34375,-121.78125
1037,44.34375,-121.71875
1038,44.40625,-122.34375
1039,44.40625,-122.28125
1040,44.40625,-122.21875
1041,44.40625,-122.15625
1042,44.40625,-122.09375
1043,44.40625,-122.03125
1044,44.40625,-121.96875
1045,44.40625,-121.90625
1046,44.40625,-121.84375
1047,44.40625,-121.78125
1048,44.40625,-121.65625
1049,44.46875,-122.59375
1050,44.46875,-122.34375
1051,44.46875,-122.28125
1052,44.46875,-122.21875
1053,44.46875,-122.15625
1054,44.46875,-122.09375
1055,44.46875,-122.03125
1056,44.46875,-121.96875
1057,44.46875,-121.90625
1058,44.46875,-121.84375
1059,44.46875,-121.78125
1060,44.46875,-121.59375
1061,44.46875,-121.53125
1062,44.53125,-122.59375
1063,44.53125,-122.53125
1064,44.53125,-122.40625
1065,44.53125,-122.34375
1066,44.53125,-122.28125
1067,44.53125,-122.21875
1068,44.53125,-122.15625
1069,44.53125,-122.09375
1070,44.53125,-122.03125
1071,44.53125,-121.96875
1072,44.53125,-121.90625
1073,44.53125,-121.84375
1074,44.53125,-121.78125
1075,44.53125,-121.71875
1076,44.53125,-121.59375
1077,44.59375,-122.59375
1078,44.59375,-122.53125
1079,44.59375,-122.46875
1080,44.59375,-122.40625
1081,44.59375,-122.34375
1082,44.59375,-122.28125
1083,44.59375,-122.21875
1084,44.59375,-122.15625
1085,44.59375,-122.09375
1086,44.59375,-122.03125
1087,44.59375,-121.96875
1088,44.59375,-121.90625
1089,44.59375,-121.84375
1090,44.59375,-121.78125
1091,44.59375,-121.71875
1092,44.59375,-121.59375
1093,44.65625,-122.59375
1094,44.65625,-122.53125
1095,44.65625,-122.46875
1096,44.65625,-122.40625
1097,44.65625,-122.34375
1098,44.65625,-122.28125
1099,44.65625,-122.21875
1100,44.65625,-122.15625
1101,44.65625,-122.09375
1102,44.65625,-122.03125
1103,44.65625,-121.96875
1104,44.65625,-121.90625
1105,44.65625,-121.84375
1106,44.65625,-121.78125
1107,44.65625,-121.71875
1108,44.65625,-121.65625
1109,44.71875,-122.46875
1110,44.71875,-122.34375
1111,44.71875,-122.28125
1112,44.71875,-122.21875
1113,44.71875,-122.15625
1114,44.71875,-122.09375
1115,44.71875,-122.03125
1116,44.71875,-121.96875
1117,44.71875,-121.90625
1118,44.71875,-121.84375
1119,44.71875,-121.78125
1120,44.71875,-121.71875
1121,44.71875,-121.65625
1122,44.71875,-121.59375
1123,44.71875,-121.53125
1124,44.78125,-122.34375
1125,44.78125,-122.28125
1126,44.78125,-122.21875
1127,44.78125,-122.15625
1128,44.78125,-122.09375
1129,44.78125,-122.03125
1130,44.78125,-121.96875
1131,44.78125,-121.90625
1132,44.78125,-121.84375
1133,44.78125,-121.78125
1134,44.78125,-121.71875
1135,44.78125,-121.65625
1136,44.78125,-121.59375
1137,44.84375,-122.53125
1138,44.84375,-122.46875
1139,44.84375,-122.40625
1140,44.84375,-122.34375
1141,44.84375,-122.28125
1142,44.84375,-122.21875
1143,44.84375,-122.15625
1144,44.84375,-122.09375
1145,44.84375,-122.03125
1146,44.84375,-121.96875
1147,44.84375,-121.90625
1148,44.84375,-121.84375
1149,44.84375,-121.78125
1150,44.84375,-121.71875
1151,44.84375,-121.65625
1152,44.84375,-121.59375
1153,44.90625,-122.46875
1154,44.90625,-122.40625
1155,44.90625,-122.34375
1156,44.90625,-122.28125
1157,44.90625,-122.21875
1158,44.90625,-122.15625
1159,44.90625,-122.09375
1160,44.90625,-122.03125
1161,44.90625,-121.96875
1162,44.90625,-121.90625
1163,44.90625,-121.84375
1164,44.90625,-121.78125
1165,44.90625,-121.71875
1166,44.90625,-121.65625
1167,44.90625,-121.59375
1168,44.96875,-122.40625
1169,44.96875,-122.34375
1170,44.96875,-122.28125
1171,44.96875,-122.21875
1172,44.96875,-122.15625
1173,44.96875,-122.09375
1174,44.96875,-122.03125
1175,44.96875,-121.96875
1176,44.96875,-121.90625
1177,44.96875,-121.84375
1178,44.96875,-121.78125
1179,44.96875,-121.71875
1180,44.96875,-121.65625
1181,45.03125,-122.40625
1182,45.03125,-122.34375
1183,45.03125,-122.28125
1184,45.03125,-122.21875
1185,45.03125,-122.15625
1186,45.03125,-122.09375
1187,45.03125,-122.03125
1188,45.03125,-121.96875
1189,45.03125,-121.90625
1190,45.03125,-121.84375
1191,45.03125,-121.78125
1192,45.03125,-121.71875
1193,45.03125,-121.65625
1194,45.03125,-121.59375
1195,45.09375,-122.34375
1196,45.09375,-122.28125
1197,45.09375,-122.21875
1198,45.09375,-122.15625
1199,45.09375,-122.09375
1200,45.09375,-122.03125
1201,45.09375,-121.96875
1202,45.09375,-121.90625
1203,45.09375,-121.84375
1204,45.09375,-121.78125
1205,45.09375,-121.71875
1206,45.09375,-121.65625
1207,45.09375,-121.59375
1208,45.09375,-121.53125
1209,45.15625,-122.34375
1210,45.15625,-122.28125
1211,45.15625,-122.21875
1212,45.15625,-122.15625
1213,45.15625,-122.09375
1214,45.15625,-122.03125
1215,45.15625,-121.96875
1216,45.15625,-121.90625
1217,45.15625,-121.84375
1218,45.15625,-121.78125
1219,45.15625,-121.71875
1220,45.15625,-121.65625
1221,45.15625,-121.59375
1222,45.15625,-121.53125
1223,45.15625,-121.46875
1224,45.21875,-122.15625
1225,45.21875,-122.09375
1226,45.21875,-122.03125
1227,45.21875,-121.96875
1228,45.21875,-121.90625
1229,45.21875,-121.84375
1230,45.21875,-121.78125
1231,45.21875,-121.71875
1232,45.21875,-121.65625
1233,45.21875,-121.59375
1234,45.21875,-121.53125
1235,45.21875,-121.46875
1236,45.28125,-122.09375
1237,45.28125,-122.03125
1238,45.28125,-121.96875
1239,45.28125,-121.90625
1240,45.28125,-121.84375
1241,45.28125,-121.78125
1242,45.28125,-121.71875
1243,45.28125,-121.65625
1244,45.28125,-121.59375
1245,45.28125,-121.53125
1246,45.28125,-121.46875
1247,45.28125,-121.40625
1248,45.34375,-122.09375
1249,45.34375,-122.03125
1250,45.34375,-121.96875
1251,45.34375,-121.90625
1252,45.34375,-121.84375
1253,45.34375,-121.78125
1254,45.34375,-121.71875
1255,45.34375,-121.65625
1256,45.34375,-121.59375
1257,45.34375,-121.53125
1258,45.34375,-121.46875
1259,45.34375,-121.40625
1260,45.40625,-122.03125
1261,45.40625,-121.96875
1262,45.40625,-121.90625
1263,45.40625,-121.84375
1264,45.40625,-121.78125
1265,45.40625,-121.71875
1266,45.40625,-121.65625
1267,45.40625,-121.59375
1268,45.40625,-121.53125
1269,45.40625,-121.46875
1270,45.40625,-121.40625
1271,45.46875,-122.03125
1272,45.46875,-121.96875
1273,45.46875,-121.90625
1274,45.46875,-121.84375
1275,45.46875,-121.78125
1276,45.46875,-121.71875
1277,45.46875,-121.65625
1278,45.46875,-121.59375
1279,45.46875,-121.53125
1280,45.46875,-121.46875
1281,45.46875,-121.40625
1282,45.53125,-122.15625
1283,45.53125,-122.09375
1284,45.53125,-122.03125
1285,45.53125,-121.96875
1286,45.53125,-121.90625
1287,45.53125,-121.84375
1288,45.53125,-121.78125
1289,45.53125,-121.71875
1290,45.53125,-121.65625
1291,45.53125,-121.53125
1292,45.53125,-121.46875
1293,45.53125,-121.40625
1294,45.59375,-122.03125
1295,45.59375,-121.96875
1296,45.59375,-121.90625
1297,45.59375,-121.84375
1298,45.59375,-121.78125
1299,45.59375,-121.71875
1300,45.59375,-121.65625
1301,45.59375,-121.59375
1302,45.59375,-121.46875
1303,45.65625,-122.21875
1304,45.65625,-122.15625
1305,45.65625,-122.09375
1306,45.65625,-122.03125
1307,45.65625,-121.84375
1308,45.65625,-121.78125
1309,45.65625,-121.71875
1310,45.65625,-121.65625
1311,45.65625,-121.46875
1312,45.71875,-122.34375
1313,45.71875,-122.28125
1314,45.71875,-122.21875
1315,45.71875,-122.15625
1316,45.71875,-122.09375
1317,45.71875,-122.03125
1318,45.71875,-121.96875
1319,45.71875,-121.90625
1320,45.71875,-121.71875
1321,45.78125,-122.28125
1322,45.78125,-122.21875
1323,45.78125,-122.15625
1324,45.78125,-122.09375
1325,45.78125,-122.03125
1326,45.78125,-121.96875
1327,45.78125,-121.90625
1328,45.78125,-121.84375
1329,45.78125,-121.78125
1330,45.78125,-121.71875
1331,45.78125,-121.65625
1332,45.78125,-121.59375
1333,45.84375,-122.34375
1334,45.84375,-122.28125
1335,45.84375,-122.21875
1336,45.84375,-122.15625
1337,45.84375,-122.09375
1338,45.84375,-122.03125
1339,45.84375,-121.96875
1340,45.84375,-121.90625
1341,45.84375,-121.84375
1342,45.84375,-121.78125
1343,45.84375,-121.71875
1344,45.84375,-121.65625
1345,45.84375,-121.59375
1346,45.84375,-121.53125
1347,45.84375,-121.34375
1348,45.84375,-121.28125
1349,45.90625,-122.34375
1350,45.90625,-122.28125
1351,45.90625,-122.21875
1352,45.90625,-122.15625
1353,45.90625,-122.09375
1354,45.90625,-122.03125
1355,45.90625,-121.96875
1356,45.90625,-121.90625
1357,45.90625,-121.84375
1358,45.90625,-121.78125
1359,45.90625,-121.71875
1360,45.90625,-121.65625
1361,45.90625,-121.59375
1362,45.90625,-121.53125
1363,45.90625,-121.46875
1364,45.90625,-121.40625
1365,45.90625,-121.34375
1366,45.90625,-121.28125
1367,45.90625,-121.21875
1368,45.90625,-121.15625
1369,45.96875,-122.28125
1370,45.96875,-122.21875
1371,45.96875,-122.15625
1372,45.96875,-122.09375
1373,45.96875,-122.03125
1374,45.96875,-121.96875
1375,45.96875,-121.90625
1376,45.96875,-121.84375
1377,45.96875,-121.78125
1378,45.96875,-121.71875
1379,45.96875,-121.65625
1380,45.96875,-121.59375
1381,45.96875,-121.53125
1382,45.96875,-121.46875
1383,45.96875,-121.40625
1384,45.96875,-121.28125
1385,45.96875,-121.21875
1386,45.96875,-121.15625
1387,45.96875,-121.09375
1388,45.96875,-121.03125
1389,46.03125,-122.59375
1390,46.03125,-122.46875
1391,46.03125,-122.40625
1392,46.03125,-122.34375
1393,46.03125,-122.28125
1394,46.03125,-122.21875
1395,46.03125,-122.15625
1396,46.03125,-122.09375
1397,46.03125,-122.03125
1398,46.03125,-121.96875
1399,46.03125,-121.90625
1400,46.03125,-121.84375
1401,46.03125,-121.78125
1402,46.03125,-121.71875
1403,46.03125,-121.65625
1404,46.03125,-121.59375
1405,46.03125,-121.53125
1406,46.03125,-121.46875
1407,46.03125,-121.40625
1408,46.03125,-121.34375
1409,46.03125,-121.28125
1410,46.03125,-121.21875
1411,46.03125,-121.15625
1412,46.03125,-121.09375
1413,46.03125,-121.03125
1414,46.03125,-120.96875
1415,46.03125,-120.90625
1416,46.03125,-120.84375
1417,46.03125,-120.78125
1418,46.03125,-120.71875
1419,46.03125,-120.65625
1420,46.03125,-120.53125
1421,46.03125,-120.46875
1422,46.09375,-122.53125
1423,46.09375,-122.46875
1424,46.09375,-122.40625
1425,46.09375,-122.34375
1426,46.09375,-122.28125
1427,46.09375,-122.21875
1428,46.09375,-122.15625
1429,46.09375,-122.09375
1430,46.09375,-122.03125
1431,46.09375,-121.96875
1432,46.09375,-121.90625
1433,46.09375,-121.84375
1434,46.09375,-121.78125
1435,46.09375,-121.71875
1436,46.09375,-121.65625
1437,46.09375,-121.59375
1438,46.09375,-121.53125
1439,46.09375,-121.46875
1440,46.09375,-121.40625
1441,46.09375,-121.34375
1442,46.09375,-121.28125
1443,46.09375,-121.21875
1444,46.09375,-121.15625
1445,46.09375,-121.09375
1446,46.09375,-121.03125
1447,46.09375,-120.96875
1448,46.09375,-120.90625
1449,46.09375,-120.84375
1450,46.09375,-120.78125
1451,46.09375,-120.71875
1452,46.15625,-122.53125
1453,46.15625,-122.46875
1454,46.15625,-122.40625
1455,46.15625,-122.34375
1456,46.15625,-122.28125
1457,46.15625,-122.21875
1458,46.15625,-122.15625
1459,46.15625,-122.09375
1460,46.15625,-122.03125
1461,46.15625,-121.96875
1462,46.15625,-121.90625
1463,46.15625,-121.84375
1464,46.15625,-121.78125
1465,46.15625,-121.71875
1466,46.15625,-121.65625
1467,46.15625,-121.59375
1468,46.15625,-121.53125
1469,46.15625,-121.46875
1470,46.15625,-121.40625
1471,46.15625,-121.34375
1472,46.15625,-121.28125
1473,46.15625,-121.21875
1474,46.15625,-121.15625
1475,46.15625,-121.09375
1476,46.15625,-121.03125
1477,46.15625,-120.96875
1478,46.15625,-120.90625
1479,46.15625,-120.84375
1480,46.15625,-120.78125
1481,46.21875,-122.59375
1482,46.21875,-122.53125
1483,46.21875,-122.46875
1484,46.21875,-122.40625
1485,46.21875,-122.34375
1486,46.21875,-122.28125
1487,46.21875,-122.21875
1488,46.21875,-122.15625
1489,46.21875,-122.09375
1490,46.21875,-122.03125
1491,46.21875,-121.96875
1492,46.21875,-121.90625
1493,46.21875,-121.84375
1494,46.21875,-121.78125
1495,46.21875,-121.71875
1496,46.21875,-121.65625
1497,46.21875,-121.59375
1498,46.21875,-121.53125
1499,46.21875,-121.46875
1500,46.21875,-121.40625
1501,46.21875,-121.34375
1502,46.21875,-121.28125
1503,46.21875,-121.21875
1504,46.21875,-121.15625
1505,46.21875,-121.09375
1506,46.21875,-121.03125
1507,46.21875,-120.96875
1508,46.21875,-120.90625
1509,46.21875,-120.84375
1510,46.21875,-120.78125
1511,46.28125,-122.53125
1512,46.28125,-122.46875
1513,46.28125,-122.40625
1514,46.28125,-122.34375
1515,46.28125,-122.28125
1516,46.28125,-122.21875
1517,46.28125,-122.15625
1518,46.28125,-122.09375
1519,46.28125,-122.03125
1520,46.28125,-121.96875
1521,46.28125,-121.90625
1522,46.28125,-121.84375
1523,46.28125,-121.78125
1524,46.28125,-121.71875
1525,46.28125,-121.65625
1526,46.28125,-121.59375
1527,46.28125,-121.53125
1528,46.28125,-121.46875
1529,46.28125,-121.40625
1530,46.28125,-121.34375
1531,46.28125,-121.28125
1532,46.28125,-121.21875
1533,46.28125,-121.15625
1534,46.28125,-121.09375
1535,46.28125,-121.03125
1536,46.28125,-120.96875
1537,46.28125,-120.90625
1538,46.34375,-122.59375
1539,46.34375,-122.40625
1540,46.34375,-122.34375
1541,46.34375,-122.28125
1542,46.34375,-122.21875
1543,46.34375,-122.15625
1544,46.34375,-122.09375
1545,46.34375,-122.03125
1546,46.34375,-121.96875
1547,46.34375,-121.90625
1548,46.34375,-121.84375
1549,46.34375,-121.78125
1550,46.34375,-121.71875
1551,46.34375,-121.65625
1552,46.34375,-121.59375
1553,46.34375,-121.53125
1554,46.34375,-121.46875
1555,46.34375,-121.40625
1556,46.34375,-121.34375
1557,46.34375,-121.28125
1558,46.34375,-121.21875
1559,46.34375,-121.15625
1560,46.34375,-121.09375
1561,46.34375,-121.03125
1562,46.34375,-120.96875
1563,46.40625,-122.40625
1564,46.40625,-122.34375
1565,46.40625,-122.28125
1566,46.40625,-122.21875
1567,46.40625,-122.15625
1568,46.40625,-122.09375
1569,46.40625,-122.03125
1570,46.40625,-121.96875
1571,46.40625,-121.90625
1572,46.40625,-121.84375
1573,46.40625,-121.78125
1574,46.40625,-121.71875
1575,46.40625,-121.65625
1576,46.40625,-121.59375
1577,46.40625,-121.53125
1578,46.40625,-121.46875
1579,46.40625,-121.40625
1580,46.40625,-121.34375
1581,46.40625,-121.28125
1582,46.40625,-121.21875
1583,46.40625,-121.15625
1584,46.40625,-121.09375
1585,46.40625,-121.03125
1586,46.40625,-120.96875
1587,46.46875,-122.34375
1588,46.46875,-122.15625
1589,46.46875,-121.84375
1590,46.46875,-121.78125
1591,46.46875,-121.71875
1592,46.46875,-121.65625
1593,46.46875,-121.59375
1594,46.46875,-121.53125
1595,46.46875,-121.46875
1596,46.46875,-121.40625
1597,46.46875,-121.34375
1598,46.46875,-121.28125
1599,46.46875,-121.21875
1600,46.46875,-121.15625
1601,46.46875,-121.09375
1602,46.46875,-121.03125
1603,46.46875,-120.96875
1604,46.53125,-122.28125
1605,46.53125,-122.21875
1606,46.53125,-122.15625
1607,46.53125,-121.84375
1608,46.53125,-121.78125
1609,46.53125,-121.71875
1610,46.53125,-121.65625
1611,46.53125,-121.59375
1612,46.53125,-121.53125
1613,46.53125,-121.46875
1614,46.53125,-121.40625
1615,46.53125,-121.34375
1616,46.53125,-121.28125
1617,46.53125,-121.21875
1618,46.53125,-121.15625
1619,46.53125,-121.09375
1620,46.53125,-121.03125
1621,46.53125,-120.96875
1622,46.53125,-120.90625
1623,46.59375,-122.40625
1624,46.59375,-122.34375
1625,46.59375,-122.28125
1626,46.59375,-122.21875
1627,46.59375,-122.15625
1628,46.59375,-122.09375
1629,46.59375,-122.03125
1630,46.59375,-121.96875
1631,46.59375,-121.90625
1632,46.59375,-121.84375
1633,46.59375,-121.78125
1634,46.59375,-121.71875
1635,46.59375,-121.65625
1636,46.59375,-121.59375
1637,46.59375,-121.53125
1638,46.59375,-121.46875
1639,46.59375,-121.40625
1640,46.59375,-121.34375
1641,46.59375,-121.28125
1642,46.59375,-121.21875
1643,46.59375,-121.15625
1644,46.59375,-121.09375
1645,46.59375,-121.03125
1646,46.59375,-120.96875
1647,46.59375,-120.90625
1648,46.65625,-122.53125
1649,46.65625,-122.46875
1650,46.65625,-122.40625
1651,46.65625,-122.34375
1652,46.65625,-122.28125
1653,46.65625,-122.21875
1654,46.65625,-122.15625
1655,46.65625,-122.09375
1656,46.65625,-122.03125
1657,46.65625,-121.96875
1658,46.65625,-121.90625
1659,46.65625,-121.84375
1660,46.65625,-121.78125
1661,46.65625,-121.71875
1662,46.65625,-121.65625
1663,46.65625,-121.59375
1664,46.65625,-121.53125
1665,46.65625,-121.46875
1666,46.65625,-121.40625
1667,46.65625,-121.34375
1668,46.65625,-121.28125
1669,46.65625,-121.21875
1670,46.65625,-121.15625
1671,46.65625,-121.09375
1672,46.65625,-121.03125
1673,46.65625,-120.96875
1674,46.65625,-120.90625
1675,46.71875,-122.59375
1676,46.71875,-122.53125
1677,46.71875,-122.46875
1678,46.71875,-122.40625
1679,46.71875,-122.34375
1680,46.71875,-122.28125
1681,46.71875,-122.09375
1682,46.71875,-122.03125
1683,46.71875,-121.96875
1684,46.71875,-121.90625
1685,46.71875,-121.84375
1686,46.71875,-121.78125
1687,46.71875,-121.71875
1688,46.71875,-121.65625
1689,46.71875,-121.59375
1690,46.71875,-121.53125
1691,46.71875,-121.46875
1692,46.71875,-121.40625
1693,46.71875,-121.34375
1694,46.71875,-121.28125
1695,46.71875,-121.21875
1696,46.71875,-121.15625
1697,46.71875,-121.09375
1698,46.71875,-121.03125
1699,46.71875,-120.96875
1700,46.71875,-120.90625
1701,46.78125,-122.15625
1702,46.78125,-122.09375
1703,46.78125,-122.03125
1704,46.78125,-121.96875
1705,46.78125,-121.90625
1706,46.78125,-121.84375
1707,46.78125,-121.78125
1708,46.78125,-121.71875
1709,46.78125,-121.65625
1710,46.78125,-121.59375
1711,46.78125,-121.53125
1712,46.78125,-121.46875
1713,46.78125,-121.40625
1714,46.78125,-121.34375
1715,46.78125,-121.28125
1716,46.78125,-121.21875
1717,46.78125,-121.15625
1718,46.78125,-121.09375
1719,46.78125,-121.03125
1720,46.78125,-120.96875
1721,46.78125,-120.90625
1722,46.78125,-120.84375
1723,46.78125,-120.78125
1724,46.78125,-120.71875
1725,46.84375,-122.09375
1726,46.84375,-122.03125
1727,46.84375,-121.96875
1728,46.84375,-121.90625
1729,46.84375,-121.84375
1730,46.84375,-121.78125
1731,46.84375,-121.71875
1732,46.84375,-121.65625
1733,46.84375,-121.59375
1734,46.84375,-121.53125
1735,46.84375,-121.46875
1736,46.84375,-121.40625
1737,46.84375,-121.34375
1738,46.84375,-121.28125
1739,46.84375,-121.21875
1740,46.84375,-121.15625
1741,46.84375,-121.09375
1742,46.84375,-121.03125
1743,46.84375,-120.96875
1744,46.84375,-120.90625
1745,46.84375,-120.84375
1746,46.84375,-120.78125
1747,46.84375,-120.65625
1748,46.84375,-120.59375
1749,46.84375,-120.53125
1750,46.90625,-122.15625
1751,46.90625,-122.09375
1752,46.90625,-122.03125
1753,46.90625,-121.96875
1754,46.90625,-121.90625
1755,46.90625,-121.84375
1756,46.90625,-121.78125
1757,46.90625,-121.71875
1758,46.90625,-121.65625
1759,46.90625,-121.59375
1760,46.90625,-121.53125
1761,46.90625,-121.46875
1762,46.90625,-121.40625
1763,46.90625,-121.34375
1764,46.90625,-121.28125
1765,46.90625,-121.21875
1766,46.90625,-121.15625
1767,46.90625,-121.09375
1768,46.90625,-121.03125
1769,46.90625,-120.96875
1770,46.90625,-120.90625
1771,46.90625,-120.84375
1772,46.90625,-120.78125
1773,46.90625,-120.71875
1774,46.90625,-120.65625
1775,46.96875,-122.03125
1776,46.96875,-121.96875
1777,46.96875,-121.90625
1778,46.96875,-121.84375
1779,46.96875,-121.78125
1780,46.96875,-121.71875
1781,46.96875,-121.65625
1782,46.96875,-121.59375
1783,46.96875,-121.53125
1784,46.96875,-121.46875
1785,46.96875,-121.40625
1786,46.96875,-121.34375
1787,46.96875,-121.28125
1788,46.96875,-121.21875
1789,46.96875,-121.15625
1790,46.96875,-121.09375
1791,46.96875,-121.03125
1792,46.96875,-120.96875
1793,46.96875,-120.90625
1794,46.96875,-120.84375
1795,46.96875,-120.78125
1796,46.96875,-120.71875
1797,47.03125,-121.96875
1798,47.03125,-121.90625
1799,47.03125,-121.84375
1800,47.03125,-121.78125
1801,47.03125,-121.71875
1802,47.03125,-121.65625
1803,47.03125,-121.59375
1804,47.03125,-121.53125
1805,47.03125,-121.46875
1806,47.03125,-121.40625
1807,47.03125,-121.34375
1808,47.03125,-121.28125
1809,47.03125,-121.21875
1810,47.03125,-121.15625
1811,47.03125,-121.09375
1812,47.03125,-121.03125
1813,47.03125,-120.96875
1814,47.03125,-120.90625
1815,47.03125,-120.84375
1816,47.03125,-120.78125
1817,47.03125,-120.71875
1818,47.03125,-120.21875
1819,47.09375,-121.90625
1820,47.09375,-121.84375
1821,47.09375,-121.78125
1822,47.09375,-121.71875
1823,47.09375,-121.65625
1824,47.09375,-121.59375
1825,47.09375,-121.53125
1826,47.09375,-121.46875
1827,47.09375,-121.40625
1828,47.09375,-121.34375
1829,47.09375,-121.28125
1830,47.09375,-121.21875
1831,47.09375,-121.15625
1832,47.09375,-121.09375
1833,47.09375,-121.03125
1834,47.09375,-120.96875
1835,47.09375,-120.90625
1836,47.09375,-120.84375
1837,47.09375,-120.78125
1838,47.09375,-120.34375
1839,47.09375,-120.28125
1840,47.09375,-120.21875
1841,47.15625,-121.78125
1842,47.15625,-121.71875
1843,47.15625,-121.65625
1844,47.15625,-121.59375
1845,47.15625,-121.53125
1846,47.15625,-121.46875
1847,47.15625,-121.40625
1848,47.15625,-121.34375
1849,47.15625,-121.28125
1850,47.15625,-121.21875
1851,47.15625,-121.15625
1852,47.15625,-121.09375
1853,47.15625,-121.03125
1854,47.15625,-120.96875
1855,47.15625,-120.90625
1856,47.15625,-120.84375
1857,47.15625,-120.78125
1858,47.15625,-120.71875
1859,47.15625,-120.65625
1860,47.15625,-120.59375
1861,47.15625,-120.53125
1862,47.15625,-120.46875
1863,47.15625,-120.40625
1864,47.15625,-120.34375
1865,47.15625,-120.28125
1866,47.15625,-120.21875
1867,47.21875,-121.84375
1868,47.21875,-121.78125
1869,47.21875,-121.71875
1870,47.21875,-121.65625
1871,47.21875,-121.59375
1872,47.21875,-121.53125
1873,47.21875,-121.46875
1874,47.21875,-121.40625
1875,47.21875,-121.34375
1876,47.21875,-121.28125
1877,47.21875,-121.21875
1878,47.21875,-121.15625
1879,47.21875,-121.09375
1880,47.21875,-121.03125
1881,47.21875,-120.96875
1882,47.21875,-120.90625
1883,47.21875,-120.84375
1884,47.21875,-120.78125
1885,47.21875,-120.71875
1886,47.21875,-120.65625
1887,47.21875,-120.59375
1888,47.21875,-120.53125
1889,47.21875,-120.46875
1890,47.21875,-120.40625
1891,47.21875,-120.34375
1892,47.21875,-120.28125
1893,47.21875,-120.21875
1894,47.28125,-121.84375
1895,47.28125,-121.78125
1896,47.28125,-121.71875
1897,47.28125,-121.65625
1898,47.28125,-121.59375
1899,47.28125,-121.53125
1900,47.28125,-121.46875
1901,47.28125,-121.40625
1902,47.28125,-121.34375
1903,47.28125,-121.28125
1904,47.28125,-121.21875
1905,47.28125,-121.15625
1906,47.28125,-121.09375
1907,47.28125,-121.03125
1908,47.28125,-120.96875
1909,47.28125,-120.90625
1910,47.28125,-120.84375
1911,47.28125,-120.78125
1912,47.28125,-120.71875
1913,47.28125,-120.65625
1914,47.28125,-120.59375
1915,47.28125,-120.53125
1916,47.28125,-120.46875
1917,47.28125,-120.40625
1918,47.28125,-120.34375
1919,47.28125,-120.28125
1920,47.28125,-120.21875
1921,47.34375,-121.84375
1922,47.34375,-121.78125
1923,47.34375,-121.71875
1924,47.34375,-121.65625
1925,47.34375,-121.59375
1926,47.34375,-121.53125
1927,47.34375,-121.46875
1928,47.34375,-121.40625
1929,47.34375,-121.34375
1930,47.34375,-121.28125
1931,47.34375,-121.21875
1932,47.34375,-121.15625
1933,47.34375,-121.09375
1934,47.34375,-121.03125
1935,47.34375,-120.96875
1936,47.34375,-120.90625
1937,47.34375,-120.84375
1938,47.34375,-120.78125
1939,47.34375,-120.71875
1940,47.34375,-120.65625
1941,47.34375,-120.59375
1942,47.34375,-120.53125
1943,47.34375,-120.46875
1944,47.34375,-120.40625
1945,47.34375,-120.34375
1946,47.40625,-121.78125
1947,47.40625,-121.71875
1948,47.40625,-121.65625
1949,47.40625,-121.59375
1950,47.40625,-121.53125
1951,47.40625,-121.46875
1952,47.40625,-121.40625
1953,47.40625,-121.34375
1954,47.40625,-121.28125
1955,47.40625,-121.21875
1956,47.40625,-121.15625
1957,47.40625,-121.09375
1958,47.40625,-121.03125
1959,47.40625,-120.96875
1960,47.40625,-120.90625
1961,47.40625,-120.84375
1962,47.40625,-120.78125
1963,47.40625,-120.71875
1964,47.40625,-120.65625
1965,47.40625,-120.59375
1966,47.40625,-120.53125
1967,47.40625,-120.46875
1968,47.40625,-120.40625
1969,47.46875,-121.96875
1970,47.46875,-121.90625
1971,47.46875,-121.84375
1972,47.46875,-121.65625
1973,47.46875,-121.59375
1974,47.46875,-121.53125
1975,47.46875,-121.46875
1976,47.46875,-121.40625
1977,47.46875,-121.34375
1978,47.46875,-121.28125
1979,47.46875,-121.21875
1980,47.46875,-121.15625
1981,47.46875,-121.09375
1982,47.46875,-121.03125
1983,47.46875,-120.96875
1984,47.46875,-120.90625
1985,47.46875,-120.84375
1986,47.46875,-120.78125
1987,47.46875,-120.71875
1988,47.46875,-120.65625
1989,47.46875,-120.59375
1990,47.46875,-120.53125
1991,47.46875,-120.15625
1992,47.53125,-121.71875
1993,47.53125,-121.65625
1994,47.53125,-121.59375
1995,47.53125,-121.53125
1996,47.53125,-121.46875
1997,47.53125,-121.40625
1998,47.53125,-121.34375
1999,47.53125,-121.28125
2000,47.53125,-121.21875
2001,47.53125,-121.15625
2002,47.53125,-121.09375
2003,47.53125,-121.03125
2004,47.53125,-120.96875
2005,47.53125,-120.90625
2006,47.53125,-120.84375
2007,47.53125,-120.78125
2008,47.53125,-120.71875
2009,47.53125,-120.65625
2010,47.53125,-120.59375
2011,47.53125,-120.21875
2012,47.53125,-120.15625
2013,47.53125,-120.09375
2014,47.53125,-120.03125
2015,47.59375,-121.65625
2016,47.59375,-121.59375
2017,47.59375,-121.53125
2018,47.59375,-121.46875
2019,47.59375,-121.40625
2020,47.59375,-121.34375
2021,47.59375,-121.28125
2022,47.59375,-121.21875
2023,47.59375,-121.15625
2024,47.59375,-121.09375
2025,47.59375,-121.03125
2026,47.59375,-120.96875
2027,47.59375,-120.90625
2028,47.59375,-120.84375
2029,47.59375,-120.78125
2030,47.59375,-120.71875
2031,47.59375,-120.65625
2032,47.59375,-120.59375
2033,47.59375,-120.53125
2034,47.59375,-120.46875
2035,47.59375,-120.40625
2036,47.59375,-120.34375
2037,47.59375,-120.28125
2038,47.59375,-120.21875
2039,47.59375,-120.15625
2040,47.59375,-120.09375
2041,47.65625,-121.71875
2042,47.65625,-121.65625
2043,47.65625,-121.59375
2044,47.65625,-121.53125
2045,47.65625,-121.46875
2046,47.65625,-121.40625
2047,47.65625,-121.34375
2048,47.65625,-121.28125
2049,47.65625,-121.21875
2050,47.65625,-121.15625
2051,47.65625,-121.09375
2052,47.65625,-121.03125
2053,47.65625,-120.96875
2054,47.65625,-120.90625
2055,47.65625,-120.84375
2056,47.65625,-120.78125
2057,47.65625,-120.71875
2058,47.65625,-120.65625
2059,47.65625,-120.59375
2060,47.65625,-120.53125
2061,47.65625,-120.46875
2062,47.65625,-120.40625
2063,47.65625,-120.34375
2064,47.65625,-120.28125
2065,47.71875,-122.96875
2066,47.71875,-122.90625
2067,47.71875,-121.71875
2068,47.71875,-121.65625
2069,47.71875,-121.59375
2070,47.71875,-121.53125
2071,47.71875,-121.46875
2072,47.71875,-121.40625
2073,47.71875,-121.34375
2074,47.71875,-121.28125
2075,47.71875,-121.21875
2076,47.71875,-121.15625
2077,47.71875,-121.09375
2078,47.71875,-121.03125
2079,47.71875,-120.96875
2080,47.71875,-120.90625
2081,47.71875,-120.84375
2082,47.71875,-120.78125
2083,47.71875,-120.71875
2084,47.71875,-120.65625
2085,47.71875,-120.59375
2086,47.71875,-120.53125
2087,47.71875,-120.46875
2088,47.71875,-120.40625
2089,47.71875,-120.28125
2090,47.78125,-122.96875
2091,47.78125,-122.90625
2092,47.78125,-121.78125
2093,47.78125,-121.71875
2094,47.78125,-121.65625
2095,47.78125,-121.59375
2096,47.78125,-121.53125
2097,47.78125,-121.46875
2098,47.78125,-121.40625
2099,47.78125,-121.34375
2100,47.78125,-121.28125
2101,47.78125,-121.21875
2102,47.78125,-121.15625
2103,47.78125,-121.09375
2104,47.78125,-121.03125
2105,47.78125,-120.96875
2106,47.78125,-120.90625
2107,47.78125,-120.84375
2108,47.78125,-120.78125
2109,47.78125,-120.71875
2110,47.78125,-120.65625
2111,47.78125,-120.59375
2112,47.78125,-120.53125
2113,47.78125,-120.46875
2114,47.78125,-120.40625
2115,47.78125,-120.34375
2116,47.78125,-120.28125
2117,47.84375,-122.96875
2118,47.84375,-121.59375
2119,47.84375,-121.53125
2120,47.84375,-121.46875
2121,47.84375,-121.40625
2122,47.84375,-121.34375
2123,47.84375,-121.28125
2124,47.84375,-121.21875
2125,47.84375,-121.15625
2126,47.84375,-121.09375
2127,47.84375,-121.03125
2128,47.84375,-120.96875
2129,47.84375,-120.90625
2130,47.84375,-120.84375
2131,47.84375,-120.78125
2132,47.84375,-120.71875
2133,47.84375,-120.65625
2134,47.84375,-120.59375
2135,47.84375,-120.53125
2136,47.84375,-120.46875
2137,47.84375,-120.40625
2138,47.84375,-120.34375
2139,47.84375,-120.28125
2140,47.84375,-120.21875
2141,47.84375,-120.15625
2142,47.90625,-122.96875
2143,47.90625,-121.65625
2144,47.90625,-121.59375
2145,47.90625,-121.53125
2146,47.90625,-121.46875
2147,47.90625,-121.40625
2148,47.90625,-121.34375
2149,47.90625,-121.28125
2150,47.90625,-121.21875
2151,47.90625,-121.15625
2152,47.90625,-121.09375
2153,47.90625,-121.03125
2154,47.90625,-120.96875
2155,47.90625,-120.90625
2156,47.90625,-120.84375
2157,47.90625,-120.78125
2158,47.90625,-120.71875
2159,47.90625,-120.65625
2160,47.90625,-120.59375
2161,47.90625,-120.53125
2162,47.90625,-120.46875
2163,47.90625,-120.40625
2164,47.90625,-120.34375
2165,47.90625,-120.28125
2166,47.90625,-120.21875
2167,47.90625,-120.03125
2168,47.96875,-122.96875
2169,47.96875,-121.71875
2170,47.96875,-121.65625
2171,47.96875,-121.59375
2172,47.96875,-121.53125
2173,47.96875,-121.46875
2174,47.96875,-121.40625
2175,47.96875,-121.34375
2176,47.96875,-121.28125
2177,47.96875,-121.21875
2178,47.96875,-121.15625
2179,47.96875,-121.09375
2180,47.96875,-121.03125
2181,47.96875,-120.96875
2182,47.96875,-120.90625
2183,47.96875,-120.84375
2184,47.96875,-120.78125
2185,47.96875,-120.71875
2186,47.96875,-120.65625
2187,47.96875,-120.59375
2188,47.96875,-120.53125
2189,47.96875,-120.46875
2190,47.96875,-120.40625
2191,47.96875,-120.34375
2192,47.96875,-120.28125
2193,47.96875,-120.21875
2194,47.96875,-120.15625
2195,47.96875,-120.09375
2196,47.96875,-120.03125
2197,47.96875,-119.96875
2198,48.03125,-121.84375
2199,48.03125,-121.78125
2200,48.03125,-121.71875
2201,48.03125,-121.65625
2202,48.03125,-121.59375
2203,48.03125,-121.53125
2204,48.03125,-121.46875
2205,48.03125,-121.40625
2206,48.03125,-121.34375
2207,48.03125,-121.28125
2208,48.03125,-121.21875
2209,48.03125,-121.15625
2210,48.03125,-121.09375
2211,48.03125,-121.03125
2212,48.03125,-120.96875
2213,48.03125,-120.90625
2214,48.03125,-120.84375
2215,48.03125,-120.78125
2216,48.03125,-120.71875
2217,48.03125,-120.65625
2218,48.03125,-120.59375
2219,48.03125,-120.53125
2220,48.03125,-120.46875
2221,48.03125,-120.40625
2222,48.03125,-120.34375
2223,48.03125,-120.28125
2224,48.03125,-120.21875
2225,48.03125,-120.15625
2226,48.03125,-120.09375
2227,48.03125,-120.03125
2228,48.03125,-119.96875
2229,48.03125,-119.78125
2230,48.09375,-121.84375
2231,48.09375,-121.78125
2232,48.09375,-121.71875
2233,48.09375,-121.65625
2234,48.09375,-121.59375
2235,48.09375,-121.53125
2236,48.09375,-121.46875
2237,48.09375,-121.40625
2238,48.09375,-121.34375
2239,48.09375,-121.28125
2240,48.09375,-121.21875
2241,48.09375,-121.15625
2242,48.09375,-121.09375
2243,48.09375,-121.03125
2244,48.09375,-120.96875
2245,48.09375,-120.90625
2246,48.09375,-120.84375
2247,48.09375,-120.78125
2248,48.09375,-120.71875
2249,48.09375,-120.65625
2250,48.09375,-120.59375
2251,48.09375,-120.53125
2252,48.09375,-120.46875
2253,48.09375,-120.40625
2254,48.09375,-120.34375
2255,48.09375,-120.28125
2256,48.09375,-120.21875
2257,48.09375,-120.15625
2258,48.09375,-120.09375
2259,48.09375,-120.03125
2260,48.15625,-121.96875
2261,48.15625,-121.90625
2262,48.15625,-121.84375
2263,48.15625,-121.78125
2264,48.15625,-121.71875
2265,48.15625,-121.65625
2266,48.15625,-121.59375
2267,48.15625,-121.53125
2268,48.15625,-121.46875
2269,48.15625,-121.40625
2270,48.15625,-121.34375
2271,48.15625,-121.28125
2272,48.15625,-121.21875
2273,48.15625,-121.15625
2274,48.15625,-121.09375
2275,48.15625,-121.03125
2276,48.15625,-120.96875
2277,48.15625,-120.90625
2278,48.15625,-120.84375
2279,48.15625,-120.78125
2280,48.15625,-120.71875
2281,48.15625,-120.65625
2282,48.15625,-120.59375
2283,48.15625,-120.53125
2284,48.15625,-120.46875
2285,48.15625,-120.40625
2286,48.15625,-120.34375
2287,48.15625,-120.28125
2288,48.15625,-120.21875
2289,48.15625,-120.15625
2290,48.15625,-120.09375
2291,48.15625,-120.03125
2292,48.15625,-119.96875
2293,48.15625,-119.90625
2294,48.15625,-119.84375
2295,48.21875,-121.90625
2296,48.21875,-121.84375
2297,48.21875,-121.78125
2298,48.21875,-121.71875
2299,48.21875,-121.65625
2300,48.21875,-121.59375
2301,48.21875,-121.53125
2302,48.21875,-121.46875
2303,48.21875,-121.40625
2304,48.21875,-121.34375
2305,48.21875,-121.28125
2306,48.21875,-121.21875
2307,48.21875,-121.15625
2308,48.21875,-121.09375
2309,48.21875,-121.03125
2310,48.21875,-120.96875
2311,48.21875,-120.90625
2312,48.21875,-120.84375
2313,48.21875,-120.78125
2314,48.21875,-120.71875
2315,48.21875,-120.65625
2316,48.21875,-120.59375
2317,48.21875,-120.53125
2318,48.21875,-120.46875
2319,48.21875,-120.40625
2320,48.21875,-120.34375
2321,48.21875,-120.28125
2322,48.21875,-120.21875
2323,48.21875,-120.15625
2324,48.21875,-120.09375
2325,48.21875,-120.03125
2326,48.21875,-119.96875
2327,48.21875,-119.90625
2328,48.21875,-119.84375
2329,48.28125,-121.84375
2330,48.28125,-121.78125
2331,48.28125,-121.71875
2332,48.28125,-121.65625
2333,48.28125,-121.59375
2334,48.28125,-121.53125
2335,48.28125,-121.46875
2336,48.28125,-121.40625
2337,48.28125,-121.34375
2338,48.28125,-121.28125
2339,48.28125,-121.21875
2340,48.28125,-121.15625
2341,48.28125,-121.09375
2342,48.28125,-121.03125
2343,48.28125,-120.96875
2344,48.28125,-120.90625
2345,48.28125,-120.84375
2346,48.28125,-120.78125
2347,48.28125,-120.71875
2348,48.28125,-120.65625
2349,48.28125,-120.59375
2350,48.28125,-120.53125
2351,48.28125,-120.46875
2352,48.28125,-120.40625
2353,48.28125,-120.34375
2354,48.28125,-120.28125
2355,48.28125,-120.21875
2356,48.28125,-120.15625
2357,48.28125,-120.09375
2358,48.28125,-120.03125
2359,48.28125,-119.96875
2360,48.28125,-119.90625
2361,48.28125,-119.84375
2362,48.34375,-122.09375
2363,48.34375,-122.03125
2364,48.34375,-121.96875
2365,48.34375,-121.90625
2366,48.34375,-121.84375
2367,48.34375,-121.78125
2368,48.34375,-121.71875
2369,48.34375,-121.65625
2370,48.34375,-121.59375
2371,48.34375,-121.46875
2372,48.34375,-121.40625
2373,48.34375,-121.34375
2374,48.34375,-121.28125
2375,48.34375,-121.21875
2376,48.34375,-121.15625
2377,48.34375,-121.09375
2378,48.34375,-121.03125
2379,48.34375,-120.96875
2380,48.34375,-120.90625
2381,48.34375,-120.84375
2382,48.34375,-120.78125
2383,48.34375,-120.71875
2384,48.34375,-120.65625
2385,48.34375,-120.59375
2386,48.34375,-120.53125
2387,48.34375,-120.46875
2388,48.34375,-120.40625
2389,48.34375,-120.34375
2390,48.34375,-120.28125
2391,48.34375,-120.21875
2392,48.34375,-120.15625
2393,48.34375,-120.09375
2394,48.34375,-120.03125
2395,48.34375,-119.96875
2396,48.34375,-119.90625
2397,48.34375,-119.84375
2398,48.34375,-119.78125
2399,48.40625,-122.15625
2400,48.40625,-122.09375
2401,48.40625,-122.03125
2402,48.40625,-121.96875
2403,48.40625,-121.90625
2404,48.40625,-121.84375
2405,48.40625,-121.78125
2406,48.40625,-121.71875
2407,48.40625,-121.65625
2408,48.40625,-121.59375
2409,48.40625,-121.53125
2410,48.40625,-121.46875
2411,48.40625,-121.40625
2412,48.40625,-121.34375
2413,48.40625,-121.28125
2414,48.40625,-121.21875
2415,48.40625,-121.15625
2416,48.40625,-121.09375
2417,48.40625,-121.03125
2418,48.40625,-120.96875
2419,48.40625,-120.90625
2420,48.40625,-120.84375
2421,48.40625,-120.78125
2422,48.40625,-120.71875
2423,48.40625,-120.65625
2424,48.40625,-120.59375
2425,48.40625,-120.53125
2426,48.40625,-120.46875
2427,48.40625,-120.40625
2428,48.40625,-120.34375
2429,48.40625,-120.28125
2430,48.40625,-120.21875
2431,48.40625,-120.15625
2432,48.40625,-120.09375
2433,48.40625,-120.03125
2434,48.40625,-119.96875
2435,48.40625,-119.90625
2436,48.40625,-119.84375
2437,48.40625,-119.78125
2438,48.40625,-119.71875
2439,48.40625,-119.65625
2440,48.46875,-122.09375
2441,48.46875,-122.03125
2442,48.46875,-121.96875
2443,48.46875,-121.90625
2444,48.46875,-121.84375
2445,48.46875,-121.78125
2446,48.46875,-121.71875
2447,48.46875,-121.65625
2448,48.46875,-121.53125
2449,48.46875,-121.46875
2450,48.46875,-121.40625
2451,48.46875,-121.34375
2452,48.46875,-121.28125
2453,48.46875,-121.21875
2454,48.46875,-121.15625
2455,48.46875,-121.09375
2456,48.46875,-121.03125
2457,48.46875,-120.96875
2458,48.46875,-120.90625
2459,48.46875,-120.84375
2460,48.46875,-120.78125
2461,48.46875,-120.71875
2462,48.46875,-120.65625
2463,48.46875,-120.59375
2464,48.46875,-120.53125
2465,48.46875,-120.46875
2466,48.46875,-120.40625
2467,48.46875,-120.34375
2468,48.46875,-120.28125
2469,48.46875,-120.21875
2470,48.46875,-120.15625
2471,48.46875,-120.09375
2472,48.46875,-120.03125
2473,48.46875,-119.96875
2474,48.46875,-119.90625
2475,48.46875,-119.84375
2476,48.46875,-119.78125
2477,48.46875,-119.71875
2478,48.53125,-121.71875
2479,48.53125,-121.65625
2480,48.53125,-121.59375
2481,48.53125,-121.53125
2482,48.53125,-121.46875
2483,48.53125,-121.40625
2484,48.53125,-121.34375
2485,48.53125,-121.28125
2486,48.53125,-121.21875
2487,48.53125,-121.15625
2488,48.53125,-121.09375
2489,48.53125,-121.03125
2490,48.53125,-120.96875
2491,48.53125,-120.90625
2492,48.53125,-120.84375
2493,48.53125,-120.78125
2494,48.53125,-120.71875
2495,48.53125,-120.65625
2496,48.53125,-120.59375
2497,48.53125,-120.53125
2498,48.53125,-120.46875
2499,48.53125,-120.40625
2500,48.53125,-120.34375
2501,48.53125,-120.28125
2502,48.53125,-120.21875
2503,48.53125,-120.15625
2504,48.53125,-120.09375
2505,48.53125,-120.03125
2506,48.53125,-119.96875
2507,48.53125,-119.90625
2508,48.53125,-119.84375
2509,48.53125,-119.78125
2510,48.59375,-122.15625
2511,48.59375,-122.09375
2512,48.59375,-122.03125
2513,48.59375,-121.96875
2514,48.59375,-121.90625
2515,48.59375,-121.84375
2516,48.59375,-121.78125
2517,48.59375,-121.71875
2518,48.59375,-121.65625
2519,48.59375,-121.59375
2520,48.59375,-121.53125
2521,48.59375,-121.46875
2522,48.59375,-121.40625
2523,48.59375,-121.34375
2524,48.59375,-121.28125
2525,48.59375,-121.21875
2526,48.59375,-121.15625
2527,48.59375,-121.09375
2528,48.59375,-121.03125
2529,48.59375,-120.96875
2530,48.59375,-120.90625
2531,48.59375,-120.84375
2532,48.59375,-120.78125
2533,48.59375,-120.71875
2534,48.59375,-120.65625
2535,48.59375,-120.59375
2536,48.59375,-120.53125
2537,48.59375,-120.46875
2538,48.59375,-120.40625
2539,48.59375,-120.34375
2540,48.59375,-120.28125
2541,48.59375,-120.21875
2542,48.59375,-120.15625
2543,48.59375,-120.09375
2544,48.59375,-120.03125
2545,48.59375,-119.96875
2546,48.59375,-119.90625
2547,48.59375,-119.84375
2548,48.59375,-119.78125
2549,48.59375,-119.71875
2550,48.65625,-122.15625
2551,48.65625,-122.09375
2552,48.65625,-122.03125
2553,48.65625,-121.96875
2554,48.65625,-121.90625
2555,48.65625,-121.84375
2556,48.65625,-121.78125
2557,48.65625,-121.71875
2558,48.65625,-121.65625
2559,48.65625,-121.59375
2560,48.65625,-121.53125
2561,48.65625,-121.46875
2562,48.65625,-121.40625
2563,48.65625,-121.34375
2564,48.65625,-121.28125
2565,48.65625,-121.21875
2566,48.65625,-121.15625
2567,48.65625,-121.09375
2568,48.65625,-121.03125
2569,48.65625,-120.96875
2570,48.65625,-120.90625
2571,48.65625,-120.84375
2572,48.65625,-120.78125
2573,48.65625,-120.71875
2574,48.65625,-120.65625
2575,48.65625,-120.59375
2576,48.65625,-120.53125
2577,48.65625,-120.46875
2578,48.65625,-120.40625
2579,48.65625,-120.34375
2580,48.65625,-120.28125
2581,48.65625,-120.21875
2582,48.65625,-120.15625
2583,48.65625,-120.09375
2584,48.65625,-120.03125
2585,48.65625,-119.96875
2586,48.65625,-119.90625
2587,48.65625,-119.84375
2588,48.65625,-119.78125
2589,48.65625,-119.71875
2590,48.65625,-119.65625
2591,48.71875,-122.28125
2592,48.71875,-122.09375
2593,48.71875,-122.03125
2594,48.71875,-121.96875
2595,48.71875,-121.90625
2596,48.71875,-121.84375
2597,48.71875,-121.78125
2598,48.71875,-121.71875
2599,48.71875,-121.65625
2600,48.71875,-121.59375
2601,48.71875,-121.53125
2602,48.71875,-121.46875
2603,48.71875,-121.40625
2604,48.71875,-121.34375
2605,48.71875,-121.28125
2606,48.71875,-121.21875
2607,48.71875,-121.15625
2608,48.71875,-121.09375
2609,48.71875,-121.03125
2610,48.71875,-120.96875
2611,48.71875,-120.90625
2612,48.71875,-120.84375
2613,48.71875,-120.78125
2614,48.71875,-120.71875
2615,48.71875,-120.65625
2616,48.71875,-120.59375
2617,48.71875,-120.53125
2618,48.71875,-120.46875
2619,48.71875,-120.40625
2620,48.71875,-120.34375
2621,48.71875,-120.28125
2622,48.71875,-120.21875
2623,48.71875,-120.15625
2624,48.71875,-120.09375
2625,48.71875,-120.03125
2626,48.71875,-119.96875
2627,48.71875,-119.90625
2628,48.71875,-119.84375
2629,48.71875,-119.78125
2630,48.71875,-119.71875
2631,48.71875,-119.65625
2632,48.71875,-119.59375
2633,48.78125,-122.28125
2634,48.78125,-122.15625
2635,48.78125,-122.09375
2636,48.78125,-122.03125
2637,48.78125,-121.96875
2638,48.78125,-121.90625
2639,48.78125,-121.84375
2640,48.78125,-121.78125
2641,48.78125,-121.71875
2642,48.78125,-121.65625
2643,48.78125,-121.59375
2644,48.78125,-121.53125
2645,48.78125,-121.46875
2646,48.78125,-121.40625
2647,48.78125,-121.34375
2648,48.78125,-121.28125
2649,48.78125,-121.21875
2650,48.78125,-121.15625
2651,48.78125,-121.09375
2652,48.78125,-121.03125
2653,48.78125,-120.96875
2654,48.78125,-120.90625
2655,48.78125,-120.84375
2656,48.78125,-120.78125
2657,48.78125,-120.71875
2658,48.78125,-120.65625
2659,48.78125,-120.59375
2660,48.78125,-120.53125
2661,48.78125,-120.46875
2662,48.78125,-120.40625
2663,48.78125,-120.34375
2664,48.78125,-120.28125
2665,48.78125,-120.21875
2666,48.78125,-120.15625
2667,48.78125,-120.09375
2668,48.78125,-120.03125
2669,48.78125,-119.96875
2670,48.78125,-119.90625
2671,48.78125,-119.84375
2672,48.78125,-119.78125
2673,48.78125,-119.71875
2674,48.78125,-119.65625
2675,48.78125,-119.59375
2676,48.84375,-122.21875
2677,48.84375,-122.09375
2678,48.84375,-122.03125
2679,48.84375,-121.96875
2680,48.84375,-121.90625
2681,48.84375,-121.84375
2682,48.84375,-121.78125
2683,48.84375,-121.71875
2684,48.84375,-121.65625
2685,48.84375,-121.59375
2686,48.84375,-121.53125
2687,48.84375,-121.46875
2688,48.84375,-121.40625
2689,48.84375,-121.34375
2690,48.84375,-121.28125
2691,48.84375,-121.21875
2692,48.84375,-121.15625
2693,48.84375,-121.09375
2694,48.84375,-121.03125
2695,48.84375,-120.96875
2696,48.84375,-120.90625
2697,48.84375,-120.84375
2698,48.84375,-120.78125
2699,48.84375,-120.71875
2700,48.84375,-120.65625
2701,48.84375,-120.59375
2702,48.84375,-120.53125
2703,48.84375,-120.46875
2704,48.84375,-120.40625
2705,48.84375,-120.34375
2706,48.84375,-120.28125
2707,48.84375,-120.21875
2708,48.84375,-120.15625
2709,48.84375,-120.09375
2710,48.84375,-120.03125
2711,48.84375,-119.96875
2712,48.84375,-119.90625
2713,48.84375,-119.84375
2714,48.84375,-119.78125
2715,48.84375,-119.71875
2716,48.84375,-119.59375
2717,48.90625,-122.21875
2718,48.90625,-122.15625
2719,48.90625,-122.09375
2720,48.90625,-122.03125
2721,48.90625,-121.96875
2722,48.90625,-121.90625
2723,48.90625,-121.84375
2724,48.90625,-121.78125
2725,48.90625,-121.71875
2726,48.90625,-121.65625
2727,48.90625,-121.59375
2728,48.90625,-121.53125
2729,48.90625,-121.46875
2730,48.90625,-121.40625
2731,48.90625,-121.34375
2732,48.90625,-121.28125
2733,48.90625,-121.21875
2734,48.90625,-121.15625
2735,48.90625,-121.09375
2736,48.90625,-121.03125
2737,48.90625,-120.96875
2738,48.90625,-120.90625
2739,48.90625,-120.84375
2740,48.90625,-120.78125
2741,48.90625,-120.71875
2742,48.90625,-120.65625
2743,48.90625,-120.59375
2744,48.90625,-120.53125
2745,48.90625,-120.46875
2746,48.90625,-120.40625
2747,48.90625,-120.34375
2748,48.90625,-120.28125
2749,48.90625,-120.21875
2750,48.90625,-120.15625
2751,48.90625,-120.09375
2752,48.90625,-120.03125
2753,48.90625,-119.96875
2754,48.90625,-119.90625
2755,48.90625,-119.84375
2756,48.90625,-119.78125
2757,48.90625,-119.71875
2758,48.90625,-119.65625
2759,48.90625,-119.59375
2760,48.90625,-119.53125
2761,48.96875,-122.03125
2762,48.96875,-121.96875
2763,48.96875,-121.90625
2764,48.96875,-121.84375
2765,48.96875,-121.78125
2766,48.96875,-121.71875
2767,48.96875,-121.65625
2768,48.96875,-121.59375
2769,48.96875,-121.53125
2770,48.96875,-121.46875
2771,48.96875,-121.40625
2772,48.96875,-121.34375
2773,48.96875,-121.28125
2774,48.96875,-121.21875
2775,48.96875,-121.15625
2776,48.96875,-121.09375
2777,48.96875,-121.03125
2778,48.96875,-120.96875
2779,48.96875,-120.90625
2780,48.96875,-120.84375
2781,48.96875,-120.78125
2782,48.96875,-120.71875
2783,48.96875,-120.65625
2784,48.96875,-120.59375
2785,48.96875,-120.53125
2786,48.96875,-120.46875
2787,48.96875,-120.40625
2788,48.96875,-120.34375
2789,48.96875,-120.28125
2790,48.96875,-120.21875
2791,48.96875,-120.15625
2792,48.96875,-120.09375
2793,48.96875,-120.03125
2794,48.96875,-119.96875
2795,48.96875,-119.90625
2796,48.96875,-119.84375
2797,48.96875,-119.78125
2798,48.96875,-119.71875
2799,48.96875,-119.59375
