,lat_coastalnorth,lon_coastalnorth
0,41.53125,-124.09375
1,41.53125,-124.03125
2,41.53125,-123.96875
3,41.53125,-123.90625
4,41.53125,-123.84375
5,41.53125,-123.53125
6,41.53125,-122.96875
7,41.53125,-122.90625
8,41.53125,-122.84375
9,41.53125,-122.78125
10,41.53125,-122.59375
11,41.53125,-122.53125
12,41.53125,-122.46875
13,41.53125,-122.40625
14,41.53125,-122.34375
15,41.53125,-122.28125
16,41.59375,-124.09375
17,41.59375,-124.03125
18,41.59375,-123.96875
19,41.59375,-123.90625
20,41.59375,-122.96875
21,41.59375,-122.90625
22,41.59375,-122.84375
23,41.59375,-122.78125
24,41.59375,-122.71875
25,41.59375,-122.53125
26,41.59375,-122.46875
27,41.59375,-122.40625
28,41.59375,-122.34375
29,41.59375,-122.28125
30,41.65625,-124.09375
31,41.65625,-124.03125
32,41.65625,-123.96875
33,41.65625,-123.90625
34,41.65625,-123.84375
35,41.65625,-123.78125
36,41.65625,-122.96875
37,41.65625,-122.90625
38,41.65625,-122.84375
39,41.65625,-122.59375
40,41.65625,-122.53125
41,41.65625,-122.46875
42,41.65625,-122.40625
43,41.65625,-122.34375
44,41.65625,-122.03125
45,41.71875,-124.09375
46,41.71875,-124.03125
47,41.71875,-123.96875
48,41.71875,-123.90625
49,41.71875,-123.84375
50,41.71875,-122.65625
51,41.71875,-122.59375
52,41.71875,-122.53125
53,41.71875,-122.46875
54,41.71875,-122.40625
55,41.71875,-122.34375
56,41.71875,-122.28125
57,41.71875,-122.03125
58,41.78125,-124.21875
59,41.78125,-124.15625
60,41.78125,-124.09375
61,41.78125,-124.03125
62,41.78125,-123.96875
63,41.78125,-123.90625
64,41.78125,-123.34375
65,41.78125,-122.96875
66,41.78125,-122.90625
67,41.78125,-122.71875
68,41.78125,-122.65625
69,41.78125,-122.59375
70,41.78125,-122.53125
71,41.78125,-122.46875
72,41.78125,-122.40625
73,41.78125,-122.34375
74,41.78125,-122.09375
75,41.78125,-122.03125
76,41.84375,-124.21875
77,41.84375,-124.15625
78,41.84375,-124.09375
79,41.84375,-124.03125
80,41.84375,-123.96875
81,41.84375,-123.90625
82,41.84375,-123.84375
83,41.84375,-123.15625
84,41.84375,-123.03125
85,41.84375,-122.96875
86,41.84375,-122.90625
87,41.84375,-122.84375
88,41.84375,-122.78125
89,41.84375,-122.71875
90,41.84375,-122.65625
91,41.84375,-122.59375
92,41.84375,-122.53125
93,41.84375,-122.46875
94,41.84375,-122.40625
95,41.84375,-122.34375
96,41.84375,-122.09375
97,41.84375,-122.03125
98,41.90625,-124.09375
99,41.90625,-124.03125
100,41.90625,-123.96875
101,41.90625,-123.84375
102,41.90625,-123.78125
103,41.90625,-122.84375
104,41.90625,-122.71875
105,41.90625,-122.59375
106,41.90625,-122.53125
107,41.90625,-122.46875
108,41.90625,-122.40625
109,41.90625,-122.34375
110,41.90625,-122.15625
111,41.90625,-122.09375
112,41.90625,-122.03125
113,41.96875,-124.09375
114,41.96875,-124.03125
115,41.96875,-123.96875
116,41.96875,-123.90625
117,41.96875,-123.71875
118,41.96875,-122.65625
119,41.96875,-122.59375
120,41.96875,-122.53125
121,41.96875,-122.46875
122,41.96875,-122.40625
123,41.96875,-122.34375
124,41.96875,-122.28125
125,41.96875,-122.21875
126,41.96875,-122.15625
127,41.96875,-122.09375
128,41.96875,-122.03125
129,42.03125,-124.21875
130,42.03125,-124.15625
131,42.03125,-124.09375
132,42.03125,-124.03125
133,42.03125,-123.96875
134,42.03125,-123.71875
135,42.03125,-123.65625
136,42.03125,-123.15625
137,42.03125,-123.09375
138,42.03125,-122.65625
139,42.03125,-122.40625
140,42.03125,-122.34375
141,42.03125,-122.28125
142,42.03125,-122.21875
143,42.03125,-122.15625
144,42.03125,-122.09375
145,42.03125,-122.03125
146,42.09375,-124.21875
147,42.09375,-124.15625
148,42.09375,-124.09375
149,42.09375,-124.03125
150,42.09375,-123.96875
151,42.09375,-123.71875
152,42.09375,-123.65625
153,42.09375,-123.59375
154,42.09375,-123.53125
155,42.09375,-123.09375
156,42.09375,-122.34375
157,42.15625,-124.34375
158,42.15625,-124.28125
159,42.15625,-124.21875
160,42.15625,-124.15625
161,42.15625,-124.09375
162,42.15625,-124.03125
163,42.15625,-123.71875
164,42.15625,-123.65625
165,42.15625,-123.59375
166,42.15625,-123.53125
167,42.15625,-123.21875
168,42.15625,-123.09375
169,42.15625,-123.03125
170,42.15625,-122.96875
171,42.15625,-122.90625
172,42.15625,-122.65625
173,42.15625,-122.59375
174,42.15625,-122.03125
175,42.21875,-124.34375
176,42.21875,-124.28125
177,42.21875,-124.21875
178,42.21875,-124.15625
179,42.21875,-124.09375
180,42.21875,-124.03125
181,42.21875,-123.71875
182,42.21875,-123.65625
183,42.21875,-123.59375
184,42.21875,-123.53125
185,42.21875,-123.34375
186,42.21875,-123.28125
187,42.21875,-123.21875
188,42.21875,-123.15625
189,42.21875,-123.09375
190,42.21875,-123.03125
191,42.21875,-122.96875
192,42.21875,-122.84375
193,42.21875,-122.78125
194,42.21875,-122.71875
195,42.21875,-122.65625
196,42.21875,-122.59375
197,42.28125,-124.34375
198,42.28125,-124.28125
199,42.28125,-124.21875
200,42.28125,-124.15625
201,42.28125,-124.09375
202,42.28125,-124.03125
203,42.28125,-123.96875
204,42.28125,-123.71875
205,42.28125,-123.65625
206,42.28125,-123.59375
207,42.28125,-123.53125
208,42.28125,-123.46875
209,42.28125,-123.28125
210,42.28125,-123.21875
211,42.28125,-123.15625
212,42.28125,-123.09375
213,42.28125,-123.03125
214,42.28125,-122.96875
215,42.28125,-122.90625
216,42.28125,-122.84375
217,42.28125,-122.78125
218,42.28125,-122.71875
219,42.34375,-124.34375
220,42.34375,-124.28125
221,42.34375,-124.21875
222,42.34375,-123.78125
223,42.34375,-123.59375
224,42.34375,-123.53125
225,42.34375,-123.46875
226,42.34375,-123.40625
227,42.34375,-123.34375
228,42.34375,-123.28125
229,42.34375,-123.21875
230,42.34375,-123.15625
231,42.34375,-123.09375
232,42.34375,-123.03125
233,42.34375,-122.96875
234,42.34375,-122.90625
235,42.34375,-122.84375
236,42.34375,-122.78125
237,42.34375,-122.71875
238,42.34375,-122.65625
239,42.34375,-122.59375
240,42.34375,-122.53125
241,42.40625,-124.34375
242,42.40625,-124.28125
243,42.40625,-124.03125
244,42.40625,-123.96875
245,42.40625,-123.90625
246,42.40625,-123.59375
247,42.40625,-123.53125
248,42.40625,-123.46875
249,42.40625,-123.40625
250,42.40625,-123.34375
251,42.40625,-123.28125
252,42.40625,-123.21875
253,42.40625,-123.15625
254,42.40625,-123.09375
255,42.40625,-123.03125
256,42.40625,-122.96875
257,42.40625,-122.90625
258,42.40625,-122.84375
259,42.40625,-122.78125
260,42.40625,-122.71875
261,42.40625,-122.65625
262,42.40625,-122.59375
263,42.40625,-122.53125
264,42.46875,-124.34375
265,42.46875,-124.28125
266,42.46875,-124.21875
267,42.46875,-124.03125
268,42.46875,-123.96875
269,42.46875,-123.90625
270,42.46875,-123.84375
271,42.46875,-123.65625
272,42.46875,-123.53125
273,42.46875,-123.46875
274,42.46875,-123.40625
275,42.46875,-123.34375
276,42.46875,-123.28125
277,42.46875,-123.21875
278,42.46875,-123.15625
279,42.46875,-123.09375
280,42.46875,-123.03125
281,42.46875,-122.96875
282,42.46875,-122.90625
283,42.46875,-122.84375
284,42.46875,-122.78125
285,42.46875,-122.71875
286,42.46875,-122.65625
287,42.46875,-122.59375
288,42.46875,-122.03125
289,42.53125,-124.34375
290,42.53125,-124.28125
291,42.53125,-124.21875
292,42.53125,-124.15625
293,42.53125,-124.09375
294,42.53125,-124.03125
295,42.53125,-123.65625
296,42.53125,-123.59375
297,42.53125,-123.53125
298,42.53125,-123.46875
299,42.53125,-123.40625
300,42.53125,-123.34375
301,42.53125,-123.28125
302,42.53125,-123.21875
303,42.53125,-123.15625
304,42.53125,-123.09375
305,42.53125,-123.03125
306,42.53125,-122.96875
307,42.53125,-122.90625
308,42.53125,-122.84375
309,42.53125,-122.78125
310,42.53125,-122.71875
311,42.53125,-122.65625
312,42.53125,-122.59375
313,42.53125,-122.53125
314,42.53125,-122.46875
315,42.59375,-124.34375
316,42.59375,-124.28125
317,42.59375,-124.21875
318,42.59375,-124.09375
319,42.59375,-124.03125
320,42.59375,-123.71875
321,42.59375,-123.65625
322,42.59375,-123.59375
323,42.59375,-123.53125
324,42.59375,-123.46875
325,42.59375,-123.40625
326,42.59375,-123.34375
327,42.59375,-123.28125
328,42.59375,-123.21875
329,42.59375,-123.15625
330,42.59375,-123.09375
331,42.59375,-123.03125
332,42.59375,-122.96875
333,42.59375,-122.90625
334,42.59375,-122.84375
335,42.59375,-122.78125
336,42.59375,-122.71875
337,42.59375,-122.65625
338,42.59375,-122.59375
339,42.59375,-122.46875
340,42.65625,-124.46875
341,42.65625,-124.40625
342,42.65625,-124.34375
343,42.65625,-124.28125
344,42.65625,-124.21875
345,42.65625,-124.09375
346,42.65625,-124.03125
347,42.65625,-123.96875
348,42.65625,-123.71875
349,42.65625,-123.65625
350,42.65625,-123.59375
351,42.65625,-123.53125
352,42.65625,-123.46875
353,42.65625,-123.40625
354,42.65625,-123.34375
355,42.65625,-123.28125
356,42.65625,-123.21875
357,42.65625,-123.15625
358,42.65625,-123.09375
359,42.65625,-123.03125
360,42.65625,-122.96875
361,42.65625,-122.90625
362,42.65625,-122.84375
363,42.65625,-122.78125
364,42.65625,-122.71875
365,42.65625,-122.65625
366,42.71875,-124.46875
367,42.71875,-124.40625
368,42.71875,-124.34375
369,42.71875,-124.28125
370,42.71875,-124.21875
371,42.71875,-123.90625
372,42.71875,-123.84375
373,42.71875,-123.78125
374,42.71875,-123.59375
375,42.71875,-123.53125
376,42.71875,-123.46875
377,42.71875,-123.40625
378,42.71875,-123.34375
379,42.71875,-123.28125
380,42.71875,-123.09375
381,42.71875,-122.90625
382,42.71875,-122.84375
383,42.71875,-122.78125
384,42.71875,-122.71875
385,42.71875,-122.65625
386,42.71875,-122.59375
387,42.71875,-122.53125
388,42.71875,-122.46875
389,42.71875,-122.40625
390,42.71875,-122.03125
391,42.78125,-124.46875
392,42.78125,-124.40625
393,42.78125,-124.34375
394,42.78125,-124.28125
395,42.78125,-124.21875
396,42.78125,-124.15625
397,42.78125,-124.09375
398,42.78125,-124.03125
399,42.78125,-123.65625
400,42.78125,-123.59375
401,42.78125,-123.53125
402,42.78125,-123.46875
403,42.78125,-123.40625
404,42.78125,-123.34375
405,42.78125,-123.28125
406,42.78125,-123.21875
407,42.78125,-122.71875
408,42.78125,-122.65625
409,42.78125,-122.46875
410,42.84375,-124.46875
411,42.84375,-124.40625
412,42.84375,-124.34375
413,42.84375,-124.28125
414,42.84375,-124.21875
415,42.84375,-124.15625
416,42.84375,-124.09375
417,42.84375,-124.03125
418,42.84375,-123.78125
419,42.84375,-123.71875
420,42.84375,-123.65625
421,42.84375,-123.59375
422,42.84375,-123.53125
423,42.84375,-123.46875
424,42.84375,-123.40625
425,42.84375,-123.34375
426,42.84375,-123.28125
427,42.84375,-123.21875
428,42.84375,-123.15625
429,42.84375,-123.09375
430,42.84375,-123.03125
431,42.84375,-122.96875
432,42.84375,-122.90625
433,42.84375,-122.84375
434,42.84375,-122.46875
435,42.90625,-124.46875
436,42.90625,-124.40625
437,42.90625,-124.34375
438,42.90625,-124.28125
439,42.90625,-124.21875
440,42.90625,-124.15625
441,42.90625,-124.09375
442,42.90625,-124.03125
443,42.90625,-123.96875
444,42.90625,-123.71875
445,42.90625,-123.65625
446,42.90625,-123.59375
447,42.90625,-123.53125
448,42.90625,-123.46875
449,42.90625,-123.40625
450,42.90625,-123.34375
451,42.90625,-123.28125
452,42.90625,-123.21875
453,42.90625,-123.15625
454,42.90625,-123.09375
455,42.90625,-123.03125
456,42.90625,-122.96875
457,42.90625,-122.90625
458,42.96875,-124.46875
459,42.96875,-124.40625
460,42.96875,-124.34375
461,42.96875,-124.28125
462,42.96875,-124.21875
463,42.96875,-124.15625
464,42.96875,-124.09375
465,42.96875,-124.03125
466,42.96875,-123.96875
467,42.96875,-123.90625
468,42.96875,-123.84375
469,42.96875,-123.78125
470,42.96875,-123.71875
471,42.96875,-123.65625
472,42.96875,-123.59375
473,42.96875,-123.53125
474,42.96875,-123.46875
475,42.96875,-123.40625
476,42.96875,-123.34375
477,42.96875,-123.28125
478,42.96875,-123.21875
479,42.96875,-123.15625
480,42.96875,-123.09375
481,42.96875,-123.03125
482,42.96875,-122.96875
483,42.96875,-122.90625
484,42.96875,-122.84375
485,42.96875,-122.71875
486,42.96875,-122.65625
487,43.03125,-124.34375
488,43.03125,-124.28125
489,43.03125,-124.21875
490,43.03125,-124.15625
491,43.03125,-124.09375
492,43.03125,-124.03125
493,43.03125,-123.96875
494,43.03125,-123.90625
495,43.03125,-123.84375
496,43.03125,-123.78125
497,43.03125,-123.71875
498,43.03125,-123.65625
499,43.03125,-123.59375
500,43.03125,-123.53125
501,43.03125,-123.46875
502,43.03125,-123.40625
503,43.03125,-123.34375
504,43.03125,-123.28125
505,43.03125,-123.21875
506,43.03125,-123.15625
507,43.03125,-123.09375
508,43.03125,-123.03125
509,43.03125,-122.96875
510,43.03125,-122.84375
511,43.03125,-122.71875
512,43.03125,-122.65625
513,43.09375,-124.34375
514,43.09375,-124.28125
515,43.09375,-124.21875
516,43.09375,-124.15625
517,43.09375,-124.09375
518,43.09375,-124.03125
519,43.09375,-123.96875
520,43.09375,-123.90625
521,43.09375,-123.84375
522,43.09375,-123.78125
523,43.09375,-123.71875
524,43.09375,-123.65625
525,43.09375,-123.59375
526,43.09375,-123.53125
527,43.09375,-123.46875
528,43.09375,-123.40625
529,43.09375,-123.34375
530,43.09375,-123.28125
531,43.09375,-123.21875
532,43.09375,-123.15625
533,43.09375,-123.09375
534,43.09375,-122.78125
535,43.15625,-124.34375
536,43.15625,-124.28125
537,43.15625,-124.21875
538,43.15625,-124.15625
539,43.15625,-124.09375
540,43.15625,-124.03125
541,43.15625,-123.96875
542,43.15625,-123.90625
543,43.15625,-123.84375
544,43.15625,-123.78125
545,43.15625,-123.71875
546,43.15625,-123.65625
547,43.15625,-123.59375
548,43.15625,-123.53125
549,43.15625,-123.46875
550,43.15625,-123.40625
551,43.15625,-123.34375
552,43.15625,-123.28125
553,43.15625,-123.21875
554,43.15625,-123.15625
555,43.15625,-123.09375
556,43.15625,-123.03125
557,43.21875,-124.34375
558,43.21875,-124.28125
559,43.21875,-124.21875
560,43.21875,-124.15625
561,43.21875,-124.09375
562,43.21875,-124.03125
563,43.21875,-123.96875
564,43.21875,-123.90625
565,43.21875,-123.84375
566,43.21875,-123.78125
567,43.21875,-123.65625
568,43.21875,-123.59375
569,43.21875,-123.53125
570,43.21875,-123.46875
571,43.21875,-123.40625
572,43.21875,-123.34375
573,43.21875,-123.28125
574,43.21875,-123.21875
575,43.21875,-123.15625
576,43.21875,-123.09375
577,43.21875,-123.03125
578,43.21875,-122.96875
579,43.28125,-124.21875
580,43.28125,-124.15625
581,43.28125,-124.09375
582,43.28125,-124.03125
583,43.28125,-123.96875
584,43.28125,-123.90625
585,43.28125,-123.84375
586,43.28125,-123.78125
587,43.28125,-123.71875
588,43.28125,-123.65625
589,43.28125,-123.59375
590,43.28125,-123.53125
591,43.28125,-123.46875
592,43.28125,-123.40625
593,43.28125,-123.34375
594,43.28125,-123.28125
595,43.28125,-123.21875
596,43.28125,-123.15625
597,43.28125,-123.09375
598,43.28125,-123.03125
599,43.28125,-122.96875
600,43.28125,-122.90625
601,43.34375,-124.21875
602,43.34375,-124.15625
603,43.34375,-124.09375
604,43.34375,-124.03125
605,43.34375,-123.96875
606,43.34375,-123.90625
607,43.34375,-123.84375
608,43.34375,-123.78125
609,43.34375,-123.71875
610,43.34375,-123.65625
611,43.34375,-123.59375
612,43.34375,-123.53125
613,43.34375,-123.46875
614,43.34375,-123.40625
615,43.34375,-123.34375
616,43.34375,-123.28125
617,43.34375,-123.21875
618,43.34375,-123.15625
619,43.34375,-123.09375
620,43.34375,-123.03125
621,43.34375,-122.96875
622,43.34375,-122.78125
623,43.34375,-122.71875
624,43.40625,-124.09375
625,43.40625,-124.03125
626,43.40625,-123.96875
627,43.40625,-123.90625
628,43.40625,-123.84375
629,43.40625,-123.78125
630,43.40625,-123.71875
631,43.40625,-123.65625
632,43.40625,-123.59375
633,43.40625,-123.53125
634,43.40625,-123.46875
635,43.40625,-123.40625
636,43.40625,-123.34375
637,43.40625,-123.28125
638,43.40625,-123.21875
639,43.40625,-123.15625
640,43.40625,-123.09375
641,43.40625,-122.90625
642,43.40625,-122.65625
643,43.40625,-122.59375
644,43.46875,-124.09375
645,43.46875,-124.03125
646,43.46875,-123.96875
647,43.46875,-123.90625
648,43.46875,-123.84375
649,43.46875,-123.78125
650,43.46875,-123.71875
651,43.46875,-123.65625
652,43.46875,-123.59375
653,43.46875,-123.53125
654,43.46875,-123.46875
655,43.46875,-123.40625
656,43.46875,-123.34375
657,43.46875,-123.28125
658,43.46875,-123.21875
659,43.46875,-123.15625
660,43.46875,-123.09375
661,43.46875,-123.03125
662,43.53125,-124.21875
663,43.53125,-124.15625
664,43.53125,-124.09375
665,43.53125,-124.03125
666,43.53125,-123.96875
667,43.53125,-123.90625
668,43.53125,-123.84375
669,43.53125,-123.78125
670,43.53125,-123.71875
671,43.53125,-123.65625
672,43.53125,-123.59375
673,43.53125,-123.53125
674,43.53125,-123.46875
675,43.53125,-123.40625
676,43.53125,-123.34375
677,43.53125,-123.28125
678,43.53125,-123.21875
679,43.53125,-123.15625
680,43.53125,-123.09375
681,43.53125,-123.03125
682,43.59375,-124.21875
683,43.59375,-124.15625
684,43.59375,-124.09375
685,43.59375,-124.03125
686,43.59375,-123.96875
687,43.59375,-123.90625
688,43.59375,-123.84375
689,43.59375,-123.78125
690,43.59375,-123.71875
691,43.59375,-123.65625
692,43.59375,-123.59375
693,43.59375,-123.53125
694,43.59375,-123.46875
695,43.59375,-123.40625
696,43.59375,-123.34375
697,43.59375,-123.28125
698,43.59375,-123.21875
699,43.59375,-123.15625
700,43.59375,-123.09375
701,43.59375,-123.03125
702,43.59375,-122.96875
703,43.59375,-122.90625
704,43.59375,-122.46875
705,43.65625,-124.21875
706,43.65625,-124.15625
707,43.65625,-124.09375
708,43.65625,-124.03125
709,43.65625,-123.96875
710,43.65625,-123.90625
711,43.65625,-123.84375
712,43.65625,-123.78125
713,43.65625,-123.71875
714,43.65625,-123.65625
715,43.65625,-123.59375
716,43.65625,-123.53125
717,43.65625,-123.46875
718,43.65625,-123.40625
719,43.65625,-123.34375
720,43.65625,-123.28125
721,43.65625,-123.21875
722,43.65625,-123.15625
723,43.65625,-123.09375
724,43.65625,-122.96875
725,43.65625,-122.90625
726,43.65625,-122.78125
727,43.65625,-122.46875
728,43.71875,-124.21875
729,43.71875,-124.15625
730,43.71875,-124.09375
731,43.71875,-124.03125
732,43.71875,-123.96875
733,43.71875,-123.90625
734,43.71875,-123.84375
735,43.71875,-123.78125
736,43.71875,-123.71875
737,43.71875,-123.65625
738,43.71875,-123.59375
739,43.71875,-123.53125
740,43.71875,-123.46875
741,43.71875,-123.40625
742,43.71875,-123.34375
743,43.71875,-123.28125
744,43.71875,-123.21875
745,43.71875,-123.15625
746,43.71875,-123.09375
747,43.71875,-123.03125
748,43.71875,-122.96875
749,43.71875,-122.90625
750,43.71875,-122.84375
751,43.71875,-122.78125
752,43.71875,-122.71875
753,43.71875,-122.46875
754,43.71875,-122.40625
755,43.78125,-124.09375
756,43.78125,-124.03125
757,43.78125,-123.96875
758,43.78125,-123.90625
759,43.78125,-123.84375
760,43.78125,-123.78125
761,43.78125,-123.71875
762,43.78125,-123.65625
763,43.78125,-123.59375
764,43.78125,-123.53125
765,43.78125,-123.46875
766,43.78125,-123.40625
767,43.78125,-123.34375
768,43.78125,-123.28125
769,43.78125,-123.21875
770,43.78125,-123.15625
771,43.78125,-123.09375
772,43.78125,-123.03125
773,43.78125,-122.96875
774,43.78125,-122.90625
775,43.78125,-122.84375
776,43.78125,-122.53125
777,43.78125,-122.46875
778,43.84375,-124.09375
779,43.84375,-124.03125
780,43.84375,-123.96875
781,43.84375,-123.90625
782,43.84375,-123.84375
783,43.84375,-123.78125
784,43.84375,-123.71875
785,43.84375,-123.65625
786,43.84375,-123.59375
787,43.84375,-123.53125
788,43.84375,-123.46875
789,43.84375,-123.40625
790,43.84375,-123.34375
791,43.84375,-123.28125
792,43.84375,-123.21875
793,43.84375,-123.15625
794,43.84375,-123.09375
795,43.84375,-123.03125
796,43.84375,-122.96875
797,43.84375,-122.90625
798,43.84375,-122.84375
799,43.84375,-122.78125
800,43.84375,-122.71875
801,43.84375,-122.65625
802,43.84375,-122.59375
803,43.84375,-122.40625
804,43.90625,-124.09375
805,43.90625,-124.03125
806,43.90625,-123.96875
807,43.90625,-123.90625
808,43.90625,-123.84375
809,43.90625,-123.78125
810,43.90625,-123.71875
811,43.90625,-123.65625
812,43.90625,-123.59375
813,43.90625,-123.53125
814,43.90625,-123.46875
815,43.90625,-123.40625
816,43.90625,-123.34375
817,43.90625,-123.28125
818,43.90625,-123.21875
819,43.90625,-123.15625
820,43.90625,-123.09375
821,43.90625,-123.03125
822,43.90625,-122.96875
823,43.90625,-122.90625
824,43.90625,-122.84375
825,43.90625,-122.78125
826,43.90625,-122.71875
827,43.90625,-122.65625
828,43.90625,-122.59375
829,43.96875,-124.09375
830,43.96875,-124.03125
831,43.96875,-123.96875
832,43.96875,-123.90625
833,43.96875,-123.84375
834,43.96875,-123.78125
835,43.96875,-123.71875
836,43.96875,-123.65625
837,43.96875,-123.59375
838,43.96875,-123.53125
839,43.96875,-123.46875
840,43.96875,-123.40625
841,43.96875,-123.34375
842,43.96875,-123.28125
843,43.96875,-123.21875
844,43.96875,-123.15625
845,43.96875,-123.09375
846,43.96875,-123.03125
847,43.96875,-122.96875
848,43.96875,-122.90625
849,43.96875,-122.84375
850,43.96875,-122.78125
851,43.96875,-122.71875
852,43.96875,-122.65625
853,43.96875,-122.59375
854,43.96875,-122.53125
855,43.96875,-122.46875
856,44.03125,-124.09375
857,44.03125,-124.03125
858,44.03125,-123.96875
859,44.03125,-123.90625
860,44.03125,-123.84375
861,44.03125,-123.78125
862,44.03125,-123.71875
863,44.03125,-123.65625
864,44.03125,-123.59375
865,44.03125,-123.53125
866,44.03125,-123.46875
867,44.03125,-123.40625
868,44.03125,-123.34375
869,44.03125,-123.28125
870,44.03125,-123.21875
871,44.03125,-123.15625
872,44.03125,-123.09375
873,44.03125,-123.03125
874,44.03125,-122.96875
875,44.03125,-122.90625
876,44.03125,-122.84375
877,44.03125,-122.78125
878,44.03125,-122.71875
879,44.03125,-122.65625
880,44.03125,-122.59375
881,44.09375,-124.09375
882,44.09375,-124.03125
883,44.09375,-123.96875
884,44.09375,-123.90625
885,44.09375,-123.84375
886,44.09375,-123.78125
887,44.09375,-123.71875
888,44.09375,-123.65625
889,44.09375,-123.59375
890,44.09375,-123.53125
891,44.09375,-123.46875
892,44.09375,-123.40625
893,44.09375,-123.34375
894,44.09375,-123.28125
895,44.09375,-123.21875
896,44.09375,-123.15625
897,44.09375,-123.09375
898,44.09375,-123.03125
899,44.09375,-122.96875
900,44.09375,-122.90625
901,44.09375,-122.84375
902,44.09375,-122.78125
903,44.09375,-122.71875
904,44.09375,-122.65625
905,44.09375,-122.46875
906,44.09375,-122.40625
907,44.15625,-124.09375
908,44.15625,-124.03125
909,44.15625,-123.96875
910,44.15625,-123.90625
911,44.15625,-123.84375
912,44.15625,-123.78125
913,44.15625,-123.71875
914,44.15625,-123.65625
915,44.15625,-123.59375
916,44.15625,-123.53125
917,44.15625,-123.46875
918,44.15625,-123.40625
919,44.15625,-123.34375
920,44.15625,-123.28125
921,44.15625,-123.21875
922,44.15625,-123.15625
923,44.15625,-123.09375
924,44.15625,-123.03125
925,44.15625,-122.96875
926,44.15625,-122.90625
927,44.15625,-122.84375
928,44.15625,-122.78125
929,44.15625,-122.71875
930,44.15625,-122.65625
931,44.15625,-122.59375
932,44.15625,-122.53125
933,44.15625,-122.46875
934,44.15625,-122.34375
935,44.15625,-122.28125
936,44.21875,-124.09375
937,44.21875,-124.03125
938,44.21875,-123.96875
939,44.21875,-123.90625
940,44.21875,-123.84375
941,44.21875,-123.78125
942,44.21875,-123.71875
943,44.21875,-123.65625
944,44.21875,-123.59375
945,44.21875,-123.53125
946,44.21875,-123.46875
947,44.21875,-123.40625
948,44.21875,-123.34375
949,44.21875,-123.28125
950,44.21875,-123.21875
951,44.21875,-123.15625
952,44.21875,-123.09375
953,44.21875,-123.03125
954,44.21875,-122.96875
955,44.21875,-122.90625
956,44.21875,-122.84375
957,44.21875,-122.78125
958,44.21875,-122.71875
959,44.21875,-122.65625
960,44.28125,-124.09375
961,44.28125,-124.03125
962,44.28125,-123.96875
963,44.28125,-123.90625
964,44.28125,-123.84375
965,44.28125,-123.78125
966,44.28125,-123.71875
967,44.28125,-123.65625
968,44.28125,-123.46875
969,44.28125,-123.40625
970,44.28125,-123.34375
971,44.28125,-123.28125
972,44.28125,-123.21875
973,44.28125,-123.15625
974,44.28125,-123.09375
975,44.28125,-123.03125
976,44.28125,-122.96875
977,44.28125,-122.90625
978,44.28125,-122.84375
979,44.28125,-122.78125
980,44.28125,-122.71875
981,44.28125,-122.65625
982,44.34375,-124.09375
983,44.34375,-124.03125
984,44.34375,-123.96875
985,44.34375,-123.90625
986,44.34375,-123.84375
987,44.34375,-123.78125
988,44.34375,-123.71875
989,44.34375,-123.65625
990,44.34375,-123.59375
991,44.34375,-123.53125
992,44.34375,-123.46875
993,44.34375,-123.40625
994,44.34375,-123.34375
995,44.34375,-123.28125
996,44.34375,-123.21875
997,44.34375,-123.15625
998,44.34375,-123.09375
999,44.34375,-123.03125
1000,44.34375,-122.96875
1001,44.34375,-122.90625
1002,44.34375,-122.84375
1003,44.34375,-122.78125
1004,44.34375,-122.71875
1005,44.34375,-122.65625
1006,44.34375,-122.59375
1007,44.40625,-123.96875
1008,44.40625,-123.90625
1009,44.40625,-123.84375
1010,44.40625,-123.78125
1011,44.40625,-123.71875
1012,44.40625,-123.59375
1013,44.40625,-123.53125
1014,44.40625,-123.40625
1015,44.40625,-123.34375
1016,44.40625,-123.28125
1017,44.40625,-123.21875
1018,44.40625,-123.15625
1019,44.40625,-123.09375
1020,44.40625,-123.03125
1021,44.40625,-122.96875
1022,44.40625,-122.90625
1023,44.40625,-122.84375
1024,44.40625,-122.78125
1025,44.40625,-122.71875
1026,44.40625,-122.65625
1027,44.40625,-122.59375
1028,44.40625,-122.53125
1029,44.40625,-122.46875
1030,44.40625,-122.40625
1031,44.46875,-123.96875
1032,44.46875,-123.90625
1033,44.46875,-123.78125
1034,44.46875,-123.71875
1035,44.46875,-123.65625
1036,44.46875,-123.46875
1037,44.46875,-123.40625
1038,44.46875,-123.34375
1039,44.46875,-123.28125
1040,44.46875,-123.21875
1041,44.46875,-123.15625
1042,44.46875,-123.09375
1043,44.46875,-123.03125
1044,44.46875,-122.96875
1045,44.46875,-122.90625
1046,44.46875,-122.84375
1047,44.46875,-122.78125
1048,44.46875,-122.71875
1049,44.46875,-122.65625
1050,44.46875,-122.53125
1051,44.46875,-122.46875
1052,44.46875,-122.40625
1053,44.53125,-123.84375
1054,44.53125,-123.78125
1055,44.53125,-123.71875
1056,44.53125,-123.65625
1057,44.53125,-123.59375
1058,44.53125,-123.46875
1059,44.53125,-123.40625
1060,44.53125,-123.34375
1061,44.53125,-123.28125
1062,44.53125,-123.21875
1063,44.53125,-123.15625
1064,44.53125,-123.09375
1065,44.53125,-123.03125
1066,44.53125,-122.96875
1067,44.53125,-122.90625
1068,44.53125,-122.84375
1069,44.53125,-122.78125
1070,44.53125,-122.71875
1071,44.53125,-122.65625
1072,44.53125,-122.46875
1073,44.59375,-123.84375
1074,44.59375,-123.78125
1075,44.59375,-123.71875
1076,44.59375,-123.65625
1077,44.59375,-123.59375
1078,44.59375,-123.53125
1079,44.59375,-123.46875
1080,44.59375,-123.40625
1081,44.59375,-123.34375
1082,44.59375,-123.28125
1083,44.59375,-123.21875
1084,44.59375,-123.15625
1085,44.59375,-123.09375
1086,44.59375,-123.03125
1087,44.59375,-122.96875
1088,44.59375,-122.90625
1089,44.59375,-122.84375
1090,44.59375,-122.78125
1091,44.59375,-122.71875
1092,44.59375,-122.65625
1093,44.65625,-123.96875
1094,44.65625,-123.90625
1095,44.65625,-123.84375
1096,44.65625,-123.78125
1097,44.65625,-123.71875
1098,44.65625,-123.65625
1099,44.65625,-123.59375
1100,44.65625,-123.53125
1101,44.65625,-123.46875
1102,44.65625,-123.40625
1103,44.65625,-123.34375
1104,44.65625,-123.28125
1105,44.65625,-123.21875
1106,44.65625,-123.15625
1107,44.65625,-123.09375
1108,44.65625,-123.03125
1109,44.65625,-122.96875
1110,44.65625,-122.90625
1111,44.65625,-122.84375
1112,44.65625,-122.78125
1113,44.65625,-122.71875
1114,44.65625,-122.65625
1115,44.71875,-123.96875
1116,44.71875,-123.90625
1117,44.71875,-123.84375
1118,44.71875,-123.78125
1119,44.71875,-123.71875
1120,44.71875,-123.65625
1121,44.71875,-123.59375
1122,44.71875,-123.53125
1123,44.71875,-123.46875
1124,44.71875,-123.40625
1125,44.71875,-123.34375
1126,44.71875,-123.28125
1127,44.71875,-123.21875
1128,44.71875,-123.15625
1129,44.71875,-123.09375
1130,44.71875,-123.03125
1131,44.71875,-122.96875
1132,44.71875,-122.90625
1133,44.71875,-122.84375
1134,44.71875,-122.78125
1135,44.71875,-122.71875
1136,44.71875,-122.65625
1137,44.71875,-122.59375
1138,44.71875,-122.53125
1139,44.71875,-122.40625
1140,44.78125,-123.96875
1141,44.78125,-123.90625
1142,44.78125,-123.84375
1143,44.78125,-123.78125
1144,44.78125,-123.71875
1145,44.78125,-123.65625
1146,44.78125,-123.59375
1147,44.78125,-123.53125
1148,44.78125,-123.46875
1149,44.78125,-123.40625
1150,44.78125,-123.34375
1151,44.78125,-123.28125
1152,44.78125,-123.21875
1153,44.78125,-123.15625
1154,44.78125,-123.09375
1155,44.78125,-123.03125
1156,44.78125,-122.96875
1157,44.78125,-122.90625
1158,44.78125,-122.84375
1159,44.78125,-122.78125
1160,44.78125,-122.71875
1161,44.78125,-122.65625
1162,44.78125,-122.59375
1163,44.78125,-122.53125
1164,44.78125,-122.46875
1165,44.78125,-122.40625
1166,44.84375,-123.96875
1167,44.84375,-123.90625
1168,44.84375,-123.84375
1169,44.84375,-123.78125
1170,44.84375,-123.71875
1171,44.84375,-123.65625
1172,44.84375,-123.46875
1173,44.84375,-123.40625
1174,44.84375,-123.34375
1175,44.84375,-123.28125
1176,44.84375,-123.21875
1177,44.84375,-123.15625
1178,44.84375,-123.09375
1179,44.84375,-123.03125
1180,44.84375,-122.96875
1181,44.84375,-122.90625
1182,44.84375,-122.84375
1183,44.84375,-122.78125
1184,44.84375,-122.71875
1185,44.84375,-122.65625
1186,44.84375,-122.59375
1187,44.90625,-123.96875
1188,44.90625,-123.90625
1189,44.90625,-123.84375
1190,44.90625,-123.78125
1191,44.90625,-123.71875
1192,44.90625,-123.46875
1193,44.90625,-123.40625
1194,44.90625,-123.34375
1195,44.90625,-123.28125
1196,44.90625,-123.21875
1197,44.90625,-123.15625
1198,44.90625,-123.09375
1199,44.90625,-123.03125
1200,44.90625,-122.96875
1201,44.90625,-122.90625
1202,44.90625,-122.84375
1203,44.90625,-122.78125
1204,44.90625,-122.71875
1205,44.90625,-122.65625
1206,44.90625,-122.59375
1207,44.90625,-122.53125
1208,44.96875,-123.96875
1209,44.96875,-123.90625
1210,44.96875,-123.84375
1211,44.96875,-123.53125
1212,44.96875,-123.46875
1213,44.96875,-123.40625
1214,44.96875,-123.34375
1215,44.96875,-123.28125
1216,44.96875,-123.21875
1217,44.96875,-123.15625
1218,44.96875,-123.09375
1219,44.96875,-123.03125
1220,44.96875,-122.96875
1221,44.96875,-122.90625
1222,44.96875,-122.84375
1223,44.96875,-122.78125
1224,44.96875,-122.71875
1225,44.96875,-122.65625
1226,44.96875,-122.59375
1227,44.96875,-122.53125
1228,44.96875,-122.46875
1229,45.03125,-123.96875
1230,45.03125,-123.90625
1231,45.03125,-123.84375
1232,45.03125,-123.78125
1233,45.03125,-123.71875
1234,45.03125,-123.65625
1235,45.03125,-123.59375
1236,45.03125,-123.53125
1237,45.03125,-123.46875
1238,45.03125,-123.40625
1239,45.03125,-123.34375
1240,45.03125,-123.28125
1241,45.03125,-123.21875
1242,45.03125,-123.15625
1243,45.03125,-123.09375
1244,45.03125,-123.03125
1245,45.03125,-122.96875
1246,45.03125,-122.90625
1247,45.03125,-122.84375
1248,45.03125,-122.78125
1249,45.03125,-122.71875
1250,45.03125,-122.65625
1251,45.03125,-122.59375
1252,45.03125,-122.53125
1253,45.03125,-122.46875
1254,45.09375,-123.96875
1255,45.09375,-123.90625
1256,45.09375,-123.84375
1257,45.09375,-123.78125
1258,45.09375,-123.71875
1259,45.09375,-123.65625
1260,45.09375,-123.59375
1261,45.09375,-123.53125
1262,45.09375,-123.46875
1263,45.09375,-123.40625
1264,45.09375,-123.34375
1265,45.09375,-123.28125
1266,45.09375,-123.21875
1267,45.09375,-123.15625
1268,45.09375,-123.09375
1269,45.09375,-123.03125
1270,45.09375,-122.96875
1271,45.09375,-122.90625
1272,45.09375,-122.84375
1273,45.09375,-122.78125
1274,45.09375,-122.71875
1275,45.09375,-122.65625
1276,45.09375,-122.59375
1277,45.09375,-122.53125
1278,45.09375,-122.46875
1279,45.09375,-122.40625
1280,45.15625,-123.96875
1281,45.15625,-123.90625
1282,45.15625,-123.84375
1283,45.15625,-123.78125
1284,45.15625,-123.71875
1285,45.15625,-123.65625
1286,45.15625,-123.59375
1287,45.15625,-123.53125
1288,45.15625,-123.46875
1289,45.15625,-123.40625
1290,45.15625,-123.34375
1291,45.15625,-123.28125
1292,45.15625,-123.21875
1293,45.15625,-123.15625
1294,45.15625,-123.09375
1295,45.15625,-123.03125
1296,45.15625,-122.96875
1297,45.15625,-122.90625
1298,45.15625,-122.84375
1299,45.15625,-122.78125
1300,45.15625,-122.71875
1301,45.15625,-122.65625
1302,45.15625,-122.59375
1303,45.15625,-122.53125
1304,45.15625,-122.46875
1305,45.15625,-122.40625
1306,45.21875,-123.96875
1307,45.21875,-123.90625
1308,45.21875,-123.84375
1309,45.21875,-123.78125
1310,45.21875,-123.65625
1311,45.21875,-123.59375
1312,45.21875,-123.53125
1313,45.21875,-123.46875
1314,45.21875,-123.40625
1315,45.21875,-123.34375
1316,45.21875,-123.28125
1317,45.21875,-123.21875
1318,45.21875,-123.15625
1319,45.21875,-123.09375
1320,45.21875,-123.03125
1321,45.21875,-122.96875
1322,45.21875,-122.90625
1323,45.21875,-122.84375
1324,45.21875,-122.78125
1325,45.21875,-122.71875
1326,45.21875,-122.65625
1327,45.21875,-122.59375
1328,45.21875,-122.53125
1329,45.21875,-122.46875
1330,45.21875,-122.40625
1331,45.21875,-122.34375
1332,45.21875,-122.28125
1333,45.21875,-122.21875
1334,45.28125,-123.96875
1335,45.28125,-123.90625
1336,45.28125,-123.84375
1337,45.28125,-123.78125
1338,45.28125,-123.71875
1339,45.28125,-123.65625
1340,45.28125,-123.59375
1341,45.28125,-123.53125
1342,45.28125,-123.34375
1343,45.28125,-123.28125
1344,45.28125,-123.21875
1345,45.28125,-123.15625
1346,45.28125,-123.09375
1347,45.28125,-123.03125
1348,45.28125,-122.96875
1349,45.28125,-122.90625
1350,45.28125,-122.84375
1351,45.28125,-122.78125
1352,45.28125,-122.71875
1353,45.28125,-122.65625
1354,45.28125,-122.59375
1355,45.28125,-122.53125
1356,45.28125,-122.46875
1357,45.28125,-122.40625
1358,45.28125,-122.34375
1359,45.28125,-122.28125
1360,45.28125,-122.21875
1361,45.28125,-122.15625
1362,45.34375,-123.96875
1363,45.34375,-123.90625
1364,45.34375,-123.84375
1365,45.34375,-123.78125
1366,45.34375,-123.71875
1367,45.34375,-123.65625
1368,45.34375,-123.59375
1369,45.34375,-123.34375
1370,45.34375,-123.28125
1371,45.34375,-123.21875
1372,45.34375,-123.15625
1373,45.34375,-123.09375
1374,45.34375,-123.03125
1375,45.34375,-122.96875
1376,45.34375,-122.90625
1377,45.34375,-122.84375
1378,45.34375,-122.78125
1379,45.34375,-122.71875
1380,45.34375,-122.65625
1381,45.34375,-122.59375
1382,45.34375,-122.53125
1383,45.34375,-122.46875
1384,45.34375,-122.40625
1385,45.34375,-122.34375
1386,45.34375,-122.28125
1387,45.34375,-122.21875
1388,45.34375,-122.15625
1389,45.40625,-123.96875
1390,45.40625,-123.90625
1391,45.40625,-123.84375
1392,45.40625,-123.78125
1393,45.40625,-123.71875
1394,45.40625,-123.65625
1395,45.40625,-123.59375
1396,45.40625,-123.34375
1397,45.40625,-123.28125
1398,45.40625,-123.21875
1399,45.40625,-123.15625
1400,45.40625,-123.09375
1401,45.40625,-123.03125
1402,45.40625,-122.96875
1403,45.40625,-122.90625
1404,45.40625,-122.84375
1405,45.40625,-122.78125
1406,45.40625,-122.71875
1407,45.40625,-122.65625
1408,45.40625,-122.59375
1409,45.40625,-122.53125
1410,45.40625,-122.46875
1411,45.40625,-122.40625
1412,45.40625,-122.34375
1413,45.40625,-122.28125
1414,45.40625,-122.21875
1415,45.40625,-122.15625
1416,45.40625,-122.09375
1417,45.46875,-123.96875
1418,45.46875,-123.90625
1419,45.46875,-123.84375
1420,45.46875,-123.78125
1421,45.46875,-123.71875
1422,45.46875,-123.65625
1423,45.46875,-123.59375
1424,45.46875,-123.34375
1425,45.46875,-123.28125
1426,45.46875,-123.21875
1427,45.46875,-123.15625
1428,45.46875,-123.09375
1429,45.46875,-123.03125
1430,45.46875,-122.96875
1431,45.46875,-122.90625
1432,45.46875,-122.84375
1433,45.46875,-122.78125
1434,45.46875,-122.71875
1435,45.46875,-122.65625
1436,45.46875,-122.59375
1437,45.46875,-122.53125
1438,45.46875,-122.46875
1439,45.46875,-122.40625
1440,45.46875,-122.34375
1441,45.46875,-122.28125
1442,45.46875,-122.21875
1443,45.46875,-122.15625
1444,45.46875,-122.09375
1445,45.53125,-123.84375
1446,45.53125,-123.78125
1447,45.53125,-123.71875
1448,45.53125,-123.65625
1449,45.53125,-123.59375
1450,45.53125,-123.28125
1451,45.53125,-123.21875
1452,45.53125,-123.15625
1453,45.53125,-123.09375
1454,45.53125,-123.03125
1455,45.53125,-122.96875
1456,45.53125,-122.90625
1457,45.53125,-122.84375
1458,45.53125,-122.78125
1459,45.53125,-122.71875
1460,45.53125,-122.65625
1461,45.53125,-122.59375
1462,45.53125,-122.53125
1463,45.53125,-122.46875
1464,45.53125,-122.40625
1465,45.53125,-122.34375
1466,45.53125,-122.28125
1467,45.53125,-122.21875
1468,45.59375,-123.84375
1469,45.59375,-123.78125
1470,45.59375,-123.71875
1471,45.59375,-123.59375
1472,45.59375,-123.53125
1473,45.59375,-123.28125
1474,45.59375,-123.21875
1475,45.59375,-123.15625
1476,45.59375,-123.09375
1477,45.59375,-123.03125
1478,45.59375,-122.96875
1479,45.59375,-122.90625
1480,45.59375,-122.84375
1481,45.59375,-122.78125
1482,45.59375,-122.71875
1483,45.59375,-122.65625
1484,45.59375,-122.59375
1485,45.59375,-122.53125
1486,45.59375,-122.46875
1487,45.59375,-122.40625
1488,45.59375,-122.34375
1489,45.59375,-122.28125
1490,45.59375,-122.21875
1491,45.59375,-122.15625
1492,45.59375,-122.09375
1493,45.65625,-123.84375
1494,45.65625,-123.78125
1495,45.65625,-123.34375
1496,45.65625,-123.28125
1497,45.65625,-123.21875
1498,45.65625,-123.15625
1499,45.65625,-123.09375
1500,45.65625,-123.03125
1501,45.65625,-122.96875
1502,45.65625,-122.90625
1503,45.65625,-122.84375
1504,45.65625,-122.78125
1505,45.65625,-122.71875
1506,45.65625,-122.65625
1507,45.65625,-122.59375
1508,45.65625,-122.53125
1509,45.65625,-122.46875
1510,45.65625,-122.40625
1511,45.65625,-122.34375
1512,45.65625,-122.28125
1513,45.71875,-123.84375
1514,45.71875,-123.78125
1515,45.71875,-123.71875
1516,45.71875,-123.34375
1517,45.71875,-123.28125
1518,45.71875,-123.21875
1519,45.71875,-123.15625
1520,45.71875,-123.09375
1521,45.71875,-123.03125
1522,45.71875,-122.96875
1523,45.71875,-122.90625
1524,45.71875,-122.84375
1525,45.71875,-122.78125
1526,45.71875,-122.71875
1527,45.71875,-122.65625
1528,45.71875,-122.59375
1529,45.71875,-122.53125
1530,45.71875,-122.46875
1531,45.71875,-122.40625
1532,45.78125,-123.96875
1533,45.78125,-123.90625
1534,45.78125,-123.84375
1535,45.78125,-123.78125
1536,45.78125,-123.71875
1537,45.78125,-123.65625
1538,45.78125,-123.59375
1539,45.78125,-123.34375
1540,45.78125,-123.28125
1541,45.78125,-123.21875
1542,45.78125,-123.15625
1543,45.78125,-123.09375
1544,45.78125,-123.03125
1545,45.78125,-122.96875
1546,45.78125,-122.90625
1547,45.78125,-122.84375
1548,45.78125,-122.78125
1549,45.78125,-122.71875
1550,45.78125,-122.65625
1551,45.78125,-122.59375
1552,45.78125,-122.53125
1553,45.78125,-122.46875
1554,45.78125,-122.40625
1555,45.78125,-122.34375
1556,45.84375,-123.96875
1557,45.84375,-123.90625
1558,45.84375,-123.84375
1559,45.84375,-123.78125
1560,45.84375,-123.71875
1561,45.84375,-123.65625
1562,45.84375,-123.59375
1563,45.84375,-123.53125
1564,45.84375,-123.34375
1565,45.84375,-123.28125
1566,45.84375,-123.21875
1567,45.84375,-123.15625
1568,45.84375,-123.09375
1569,45.84375,-123.03125
1570,45.84375,-122.96875
1571,45.84375,-122.90625
1572,45.84375,-122.84375
1573,45.84375,-122.78125
1574,45.84375,-122.71875
1575,45.84375,-122.65625
1576,45.84375,-122.59375
1577,45.84375,-122.53125
1578,45.84375,-122.46875
1579,45.84375,-122.40625
1580,45.90625,-123.96875
1581,45.90625,-123.90625
1582,45.90625,-123.84375
1583,45.90625,-123.78125
1584,45.90625,-123.71875
1585,45.90625,-123.65625
1586,45.90625,-123.59375
1587,45.90625,-123.53125
1588,45.90625,-123.46875
1589,45.90625,-123.40625
1590,45.90625,-123.34375
1591,45.90625,-123.28125
1592,45.90625,-123.21875
1593,45.90625,-123.15625
1594,45.90625,-123.09375
1595,45.90625,-123.03125
1596,45.90625,-122.96875
1597,45.90625,-122.90625
1598,45.90625,-122.84375
1599,45.90625,-122.78125
1600,45.90625,-122.71875
1601,45.90625,-122.65625
1602,45.90625,-122.59375
1603,45.90625,-122.53125
1604,45.90625,-122.46875
1605,45.90625,-122.40625
1606,45.96875,-123.96875
1607,45.96875,-123.90625
1608,45.96875,-123.84375
1609,45.96875,-123.78125
1610,45.96875,-123.71875
1611,45.96875,-123.65625
1612,45.96875,-123.59375
1613,45.96875,-123.53125
1614,45.96875,-123.46875
1615,45.96875,-123.40625
1616,45.96875,-123.34375
1617,45.96875,-123.28125
1618,45.96875,-123.21875
1619,45.96875,-123.15625
1620,45.96875,-123.09375
1621,45.96875,-123.03125
1622,45.96875,-122.96875
1623,45.96875,-122.90625
1624,45.96875,-122.84375
1625,45.96875,-122.78125
1626,45.96875,-122.71875
1627,45.96875,-122.65625
1628,45.96875,-122.59375
1629,45.96875,-122.53125
1630,45.96875,-122.46875
1631,45.96875,-122.40625
1632,45.96875,-122.34375
1633,46.03125,-123.84375
1634,46.03125,-123.78125
1635,46.03125,-123.71875
1636,46.03125,-123.65625
1637,46.03125,-123.59375
1638,46.03125,-123.53125
1639,46.03125,-123.46875
1640,46.03125,-123.40625
1641,46.03125,-123.34375
1642,46.03125,-123.28125
1643,46.03125,-123.21875
1644,46.03125,-123.15625
1645,46.03125,-123.09375
1646,46.03125,-123.03125
1647,46.03125,-122.96875
1648,46.03125,-122.90625
1649,46.03125,-122.84375
1650,46.03125,-122.78125
1651,46.03125,-122.71875
1652,46.03125,-122.65625
1653,46.03125,-122.53125
1654,46.09375,-123.84375
1655,46.09375,-123.78125
1656,46.09375,-123.71875
1657,46.09375,-123.65625
1658,46.09375,-123.53125
1659,46.09375,-123.40625
1660,46.09375,-123.34375
1661,46.09375,-123.28125
1662,46.09375,-123.21875
1663,46.09375,-123.15625
1664,46.09375,-123.09375
1665,46.09375,-123.03125
1666,46.09375,-122.96875
1667,46.09375,-122.90625
1668,46.09375,-122.84375
1669,46.09375,-122.78125
1670,46.09375,-122.71875
1671,46.09375,-122.65625
1672,46.09375,-122.59375
1673,46.15625,-123.34375
1674,46.15625,-123.28125
1675,46.15625,-123.21875
1676,46.15625,-123.15625
1677,46.15625,-123.09375
1678,46.15625,-123.03125
1679,46.15625,-122.96875
1680,46.15625,-122.90625
1681,46.15625,-122.84375
1682,46.15625,-122.78125
1683,46.15625,-122.71875
1684,46.15625,-122.65625
1685,46.15625,-122.59375
1686,46.21875,-123.34375
1687,46.21875,-123.28125
1688,46.21875,-123.21875
1689,46.21875,-123.15625
1690,46.21875,-123.09375
1691,46.21875,-123.03125
1692,46.21875,-122.96875
1693,46.21875,-122.90625
1694,46.21875,-122.84375
1695,46.21875,-122.78125
1696,46.21875,-122.71875
1697,46.21875,-122.65625
1698,46.28125,-123.96875
1699,46.28125,-123.90625
1700,46.28125,-123.84375
1701,46.28125,-123.78125
1702,46.28125,-123.71875
1703,46.28125,-123.65625
1704,46.28125,-123.59375
1705,46.28125,-123.53125
1706,46.28125,-123.46875
1707,46.28125,-123.40625
1708,46.28125,-123.34375
1709,46.28125,-123.28125
1710,46.28125,-123.21875
1711,46.28125,-123.15625
1712,46.28125,-123.09375
1713,46.28125,-123.03125
1714,46.28125,-122.96875
1715,46.28125,-122.90625
1716,46.28125,-122.84375
1717,46.28125,-122.78125
1718,46.28125,-122.71875
1719,46.28125,-122.65625
1720,46.28125,-122.59375
1721,46.34375,-123.96875
1722,46.34375,-123.90625
1723,46.34375,-123.84375
1724,46.34375,-123.78125
1725,46.34375,-123.71875
1726,46.34375,-123.65625
1727,46.34375,-123.59375
1728,46.34375,-123.53125
1729,46.34375,-123.46875
1730,46.34375,-123.40625
1731,46.34375,-123.28125
1732,46.34375,-123.21875
1733,46.34375,-123.15625
1734,46.34375,-123.03125
1735,46.34375,-122.96875
1736,46.34375,-122.90625
1737,46.34375,-122.84375
1738,46.34375,-122.78125
1739,46.34375,-122.71875
1740,46.34375,-122.65625
1741,46.34375,-122.53125
1742,46.34375,-122.46875
1743,46.40625,-123.84375
1744,46.40625,-123.78125
1745,46.40625,-123.71875
1746,46.40625,-123.65625
1747,46.40625,-123.59375
1748,46.40625,-123.53125
1749,46.40625,-123.46875
1750,46.40625,-123.15625
1751,46.40625,-123.09375
1752,46.40625,-123.03125
1753,46.40625,-122.96875
1754,46.40625,-122.90625
1755,46.40625,-122.84375
1756,46.40625,-122.78125
1757,46.40625,-122.71875
1758,46.40625,-122.65625
1759,46.40625,-122.59375
1760,46.40625,-122.53125
1761,46.40625,-122.46875
1762,46.46875,-123.84375
1763,46.46875,-123.78125
1764,46.46875,-123.71875
1765,46.46875,-123.65625
1766,46.46875,-123.28125
1767,46.46875,-123.15625
1768,46.46875,-123.09375
1769,46.46875,-123.03125
1770,46.46875,-122.96875
1771,46.46875,-122.90625
1772,46.46875,-122.84375
1773,46.46875,-122.78125
1774,46.46875,-122.71875
1775,46.46875,-122.65625
1776,46.46875,-122.59375
1777,46.46875,-122.53125
1778,46.46875,-122.46875
1779,46.46875,-122.40625
1780,46.46875,-122.28125
1781,46.46875,-122.21875
1782,46.46875,-122.09375
1783,46.46875,-122.03125
1784,46.53125,-123.84375
1785,46.53125,-123.78125
1786,46.53125,-123.65625
1787,46.53125,-123.59375
1788,46.53125,-123.53125
1789,46.53125,-123.46875
1790,46.53125,-123.40625
1791,46.53125,-123.34375
1792,46.53125,-123.28125
1793,46.53125,-123.21875
1794,46.53125,-123.15625
1795,46.53125,-123.09375
1796,46.53125,-123.03125
1797,46.53125,-122.96875
1798,46.53125,-122.90625
1799,46.53125,-122.84375
1800,46.53125,-122.78125
1801,46.53125,-122.71875
1802,46.53125,-122.65625
1803,46.53125,-122.59375
1804,46.53125,-122.53125
1805,46.53125,-122.46875
1806,46.53125,-122.40625
1807,46.53125,-122.34375
1808,46.53125,-122.09375
1809,46.53125,-122.03125
1810,46.59375,-123.84375
1811,46.59375,-123.78125
1812,46.59375,-123.71875
1813,46.59375,-123.65625
1814,46.59375,-123.59375
1815,46.59375,-123.53125
1816,46.59375,-123.46875
1817,46.59375,-123.40625
1818,46.59375,-123.34375
1819,46.59375,-123.28125
1820,46.59375,-123.21875
1821,46.59375,-123.15625
1822,46.59375,-123.09375
1823,46.59375,-123.03125
1824,46.59375,-122.96875
1825,46.59375,-122.90625
1826,46.59375,-122.84375
1827,46.59375,-122.78125
1828,46.59375,-122.71875
1829,46.59375,-122.65625
1830,46.59375,-122.59375
1831,46.59375,-122.53125
1832,46.59375,-122.46875
1833,46.65625,-123.71875
1834,46.65625,-123.65625
1835,46.65625,-123.59375
1836,46.65625,-123.53125
1837,46.65625,-123.46875
1838,46.65625,-123.40625
1839,46.65625,-123.34375
1840,46.65625,-123.28125
1841,46.65625,-123.21875
1842,46.65625,-123.15625
1843,46.65625,-123.09375
1844,46.65625,-123.03125
1845,46.65625,-122.96875
1846,46.65625,-122.90625
1847,46.65625,-122.84375
1848,46.65625,-122.78125
1849,46.65625,-122.71875
1850,46.65625,-122.65625
1851,46.65625,-122.59375
1852,46.71875,-123.71875
1853,46.71875,-123.65625
1854,46.71875,-123.59375
1855,46.71875,-123.53125
1856,46.71875,-123.46875
1857,46.71875,-123.40625
1858,46.71875,-123.28125
1859,46.71875,-123.21875
1860,46.71875,-123.15625
1861,46.71875,-123.09375
1862,46.71875,-123.03125
1863,46.71875,-122.96875
1864,46.71875,-122.90625
1865,46.71875,-122.84375
1866,46.71875,-122.78125
1867,46.71875,-122.71875
1868,46.71875,-122.65625
1869,46.71875,-122.21875
1870,46.71875,-122.15625
1871,46.78125,-124.09375
1872,46.78125,-124.03125
1873,46.78125,-123.96875
1874,46.78125,-123.90625
1875,46.78125,-123.84375
1876,46.78125,-123.78125
1877,46.78125,-123.71875
1878,46.78125,-123.65625
1879,46.78125,-123.59375
1880,46.78125,-123.53125
1881,46.78125,-123.46875
1882,46.78125,-123.40625
1883,46.78125,-123.34375
1884,46.78125,-123.28125
1885,46.78125,-123.21875
1886,46.78125,-123.15625
1887,46.78125,-123.09375
1888,46.78125,-123.03125
1889,46.78125,-122.96875
1890,46.78125,-122.90625
1891,46.78125,-122.84375
1892,46.78125,-122.78125
1893,46.78125,-122.71875
1894,46.78125,-122.65625
1895,46.78125,-122.59375
1896,46.78125,-122.53125
1897,46.78125,-122.46875
1898,46.78125,-122.40625
1899,46.78125,-122.34375
1900,46.78125,-122.28125
1901,46.78125,-122.21875
1902,46.84375,-124.09375
1903,46.84375,-124.03125
1904,46.84375,-123.96875
1905,46.84375,-123.90625
1906,46.84375,-123.84375
1907,46.84375,-123.78125
1908,46.84375,-123.71875
1909,46.84375,-123.65625
1910,46.84375,-123.59375
1911,46.84375,-123.53125
1912,46.84375,-123.46875
1913,46.84375,-123.40625
1914,46.84375,-123.34375
1915,46.84375,-123.28125
1916,46.84375,-123.21875
1917,46.84375,-123.15625
1918,46.84375,-123.09375
1919,46.84375,-123.03125
1920,46.84375,-122.96875
1921,46.84375,-122.90625
1922,46.84375,-122.84375
1923,46.84375,-122.78125
1924,46.84375,-122.71875
1925,46.84375,-122.65625
1926,46.84375,-122.59375
1927,46.84375,-122.53125
1928,46.84375,-122.46875
1929,46.84375,-122.40625
1930,46.84375,-122.34375
1931,46.84375,-122.28125
1932,46.84375,-122.21875
1933,46.84375,-122.15625
1934,46.90625,-123.71875
1935,46.90625,-123.65625
1936,46.90625,-123.59375
1937,46.90625,-123.53125
1938,46.90625,-123.46875
1939,46.90625,-123.40625
1940,46.90625,-123.34375
1941,46.90625,-123.28125
1942,46.90625,-123.21875
1943,46.90625,-123.15625
1944,46.90625,-123.09375
1945,46.90625,-123.03125
1946,46.90625,-122.96875
1947,46.90625,-122.90625
1948,46.90625,-122.84375
1949,46.90625,-122.78125
1950,46.90625,-122.71875
1951,46.90625,-122.65625
1952,46.90625,-122.59375
1953,46.90625,-122.53125
1954,46.90625,-122.46875
1955,46.90625,-122.40625
1956,46.90625,-122.34375
1957,46.90625,-122.28125
1958,46.90625,-122.21875
1959,46.96875,-123.71875
1960,46.96875,-123.65625
1961,46.96875,-123.59375
1962,46.96875,-123.53125
1963,46.96875,-123.46875
1964,46.96875,-123.40625
1965,46.96875,-123.34375
1966,46.96875,-123.28125
1967,46.96875,-123.21875
1968,46.96875,-123.09375
1969,46.96875,-123.03125
1970,46.96875,-122.96875
1971,46.96875,-122.90625
1972,46.96875,-122.84375
1973,46.96875,-122.78125
1974,46.96875,-122.71875
1975,46.96875,-122.65625
1976,46.96875,-122.59375
1977,46.96875,-122.53125
1978,46.96875,-122.46875
1979,46.96875,-122.40625
1980,46.96875,-122.34375
1981,46.96875,-122.28125
1982,46.96875,-122.21875
1983,46.96875,-122.15625
1984,46.96875,-122.09375
1985,47.03125,-124.09375
1986,47.03125,-124.03125
1987,47.03125,-123.96875
1988,47.03125,-123.90625
1989,47.03125,-123.84375
1990,47.03125,-123.78125
1991,47.03125,-123.71875
1992,47.03125,-123.65625
1993,47.03125,-123.59375
1994,47.03125,-123.53125
1995,47.03125,-123.46875
1996,47.03125,-123.40625
1997,47.03125,-123.34375
1998,47.03125,-123.28125
1999,47.03125,-123.21875
2000,47.03125,-123.15625
2001,47.03125,-123.09375
2002,47.03125,-123.03125
2003,47.03125,-122.96875
2004,47.03125,-122.90625
2005,47.03125,-122.84375
2006,47.03125,-122.78125
2007,47.03125,-122.71875
2008,47.03125,-122.65625
2009,47.03125,-122.59375
2010,47.03125,-122.53125
2011,47.03125,-122.46875
2012,47.03125,-122.40625
2013,47.03125,-122.34375
2014,47.03125,-122.28125
2015,47.03125,-122.21875
2016,47.03125,-122.15625
2017,47.03125,-122.09375
2018,47.03125,-122.03125
2019,47.09375,-124.09375
2020,47.09375,-124.03125
2021,47.09375,-123.96875
2022,47.09375,-123.90625
2023,47.09375,-123.84375
2024,47.09375,-123.78125
2025,47.09375,-123.71875
2026,47.09375,-123.65625
2027,47.09375,-123.59375
2028,47.09375,-123.53125
2029,47.09375,-123.46875
2030,47.09375,-123.40625
2031,47.09375,-123.34375
2032,47.09375,-123.28125
2033,47.09375,-123.21875
2034,47.09375,-123.15625
2035,47.09375,-123.09375
2036,47.09375,-123.03125
2037,47.09375,-122.96875
2038,47.09375,-122.90625
2039,47.09375,-122.84375
2040,47.09375,-122.78125
2041,47.09375,-122.71875
2042,47.09375,-122.65625
2043,47.09375,-122.59375
2044,47.09375,-122.53125
2045,47.09375,-122.46875
2046,47.09375,-122.40625
2047,47.09375,-122.34375
2048,47.09375,-122.28125
2049,47.09375,-122.21875
2050,47.09375,-122.15625
2051,47.09375,-122.09375
2052,47.09375,-122.03125
2053,47.15625,-124.21875
2054,47.15625,-124.15625
2055,47.15625,-124.09375
2056,47.15625,-124.03125
2057,47.15625,-123.96875
2058,47.15625,-123.90625
2059,47.15625,-123.84375
2060,47.15625,-123.78125
2061,47.15625,-123.71875
2062,47.15625,-123.65625
2063,47.15625,-123.59375
2064,47.15625,-123.53125
2065,47.15625,-123.46875
2066,47.15625,-123.40625
2067,47.15625,-123.34375
2068,47.15625,-123.28125
2069,47.15625,-123.21875
2070,47.15625,-123.15625
2071,47.15625,-122.59375
2072,47.15625,-122.53125
2073,47.15625,-122.46875
2074,47.15625,-122.40625
2075,47.15625,-122.34375
2076,47.15625,-122.28125
2077,47.15625,-122.21875
2078,47.15625,-122.15625
2079,47.15625,-122.09375
2080,47.15625,-122.03125
2081,47.21875,-124.21875
2082,47.21875,-124.15625
2083,47.21875,-124.09375
2084,47.21875,-124.03125
2085,47.21875,-123.96875
2086,47.21875,-123.90625
2087,47.21875,-123.84375
2088,47.21875,-123.78125
2089,47.21875,-123.71875
2090,47.21875,-123.65625
2091,47.21875,-123.59375
2092,47.21875,-123.53125
2093,47.21875,-123.46875
2094,47.21875,-123.40625
2095,47.21875,-123.34375
2096,47.21875,-123.28125
2097,47.21875,-123.21875
2098,47.21875,-123.15625
2099,47.21875,-122.59375
2100,47.21875,-122.53125
2101,47.21875,-122.46875
2102,47.21875,-122.40625
2103,47.21875,-122.34375
2104,47.21875,-122.28125
2105,47.21875,-122.21875
2106,47.21875,-122.15625
2107,47.21875,-122.09375
2108,47.21875,-122.03125
2109,47.28125,-124.21875
2110,47.28125,-124.15625
2111,47.28125,-124.09375
2112,47.28125,-124.03125
2113,47.28125,-123.96875
2114,47.28125,-123.90625
2115,47.28125,-123.84375
2116,47.28125,-123.78125
2117,47.28125,-123.71875
2118,47.28125,-123.65625
2119,47.28125,-123.59375
2120,47.28125,-123.53125
2121,47.28125,-123.46875
2122,47.28125,-123.40625
2123,47.28125,-123.34375
2124,47.28125,-123.28125
2125,47.28125,-123.21875
2126,47.28125,-123.15625
2127,47.28125,-123.09375
2128,47.28125,-123.03125
2129,47.28125,-122.96875
2130,47.28125,-122.90625
2131,47.28125,-122.34375
2132,47.28125,-122.28125
2133,47.28125,-122.21875
2134,47.28125,-122.15625
2135,47.28125,-122.09375
2136,47.28125,-122.03125
2137,47.34375,-124.21875
2138,47.34375,-124.15625
2139,47.34375,-124.09375
2140,47.34375,-124.03125
2141,47.34375,-123.96875
2142,47.34375,-123.90625
2143,47.34375,-123.84375
2144,47.34375,-123.78125
2145,47.34375,-123.65625
2146,47.34375,-123.28125
2147,47.34375,-123.21875
2148,47.34375,-123.15625
2149,47.34375,-123.09375
2150,47.34375,-123.03125
2151,47.34375,-122.96875
2152,47.34375,-122.90625
2153,47.34375,-122.34375
2154,47.34375,-122.28125
2155,47.34375,-122.21875
2156,47.34375,-122.15625
2157,47.34375,-122.09375
2158,47.34375,-122.03125
2159,47.40625,-124.34375
2160,47.40625,-124.28125
2161,47.40625,-124.21875
2162,47.40625,-124.15625
2163,47.40625,-124.09375
2164,47.40625,-124.03125
2165,47.40625,-123.96875
2166,47.40625,-123.90625
2167,47.40625,-123.21875
2168,47.40625,-123.15625
2169,47.40625,-122.96875
2170,47.40625,-122.90625
2171,47.40625,-122.84375
2172,47.40625,-122.78125
2173,47.40625,-122.71875
2174,47.40625,-122.65625
2175,47.40625,-122.59375
2176,47.40625,-122.53125
2177,47.40625,-122.34375
2178,47.40625,-122.28125
2179,47.40625,-122.21875
2180,47.40625,-122.15625
2181,47.40625,-122.09375
2182,47.40625,-122.03125
2183,47.46875,-124.34375
2184,47.46875,-124.28125
2185,47.46875,-124.21875
2186,47.46875,-124.15625
2187,47.46875,-124.09375
2188,47.46875,-124.03125
2189,47.46875,-123.96875
2190,47.46875,-123.90625
2191,47.46875,-123.84375
2192,47.46875,-123.15625
2193,47.46875,-122.96875
2194,47.46875,-122.90625
2195,47.46875,-122.84375
2196,47.46875,-122.78125
2197,47.46875,-122.71875
2198,47.46875,-122.65625
2199,47.46875,-122.59375
2200,47.46875,-122.53125
2201,47.46875,-122.34375
2202,47.46875,-122.28125
2203,47.46875,-122.21875
2204,47.46875,-122.15625
2205,47.46875,-122.09375
2206,47.46875,-122.03125
2207,47.53125,-124.34375
2208,47.53125,-124.28125
2209,47.53125,-124.21875
2210,47.53125,-124.15625
2211,47.53125,-124.09375
2212,47.53125,-124.03125
2213,47.53125,-123.09375
2214,47.53125,-123.03125
2215,47.53125,-122.96875
2216,47.53125,-122.90625
2217,47.53125,-122.84375
2218,47.53125,-122.78125
2219,47.53125,-122.71875
2220,47.53125,-122.65625
2221,47.53125,-122.34375
2222,47.53125,-122.28125
2223,47.53125,-122.21875
2224,47.53125,-122.15625
2225,47.53125,-122.09375
2226,47.53125,-122.03125
2227,47.59375,-124.34375
2228,47.59375,-124.28125
2229,47.59375,-124.21875
2230,47.59375,-124.15625
2231,47.59375,-124.09375
2232,47.59375,-124.03125
2233,47.59375,-122.96875
2234,47.59375,-122.90625
2235,47.59375,-122.84375
2236,47.59375,-122.78125
2237,47.59375,-122.71875
2238,47.59375,-122.65625
2239,47.59375,-122.34375
2240,47.59375,-122.28125
2241,47.59375,-122.21875
2242,47.59375,-122.15625
2243,47.59375,-122.09375
2244,47.59375,-122.03125
2245,47.65625,-124.34375
2246,47.65625,-124.28125
2247,47.65625,-124.21875
2248,47.65625,-124.15625
2249,47.65625,-124.09375
2250,47.65625,-122.96875
2251,47.65625,-122.90625
2252,47.65625,-122.71875
2253,47.65625,-122.65625
2254,47.65625,-122.34375
2255,47.65625,-122.28125
2256,47.65625,-122.21875
2257,47.65625,-122.15625
2258,47.65625,-122.09375
2259,47.65625,-122.03125
2260,47.71875,-124.34375
2261,47.71875,-124.28125
2262,47.71875,-124.21875
2263,47.71875,-124.15625
2264,47.71875,-122.71875
2265,47.71875,-122.65625
2266,47.71875,-122.34375
2267,47.71875,-122.28125
2268,47.71875,-122.21875
2269,47.71875,-122.15625
2270,47.71875,-122.09375
2271,47.71875,-122.03125
2272,47.78125,-124.46875
2273,47.78125,-124.40625
2274,47.78125,-124.34375
2275,47.78125,-124.28125
2276,47.78125,-124.21875
2277,47.78125,-124.15625
2278,47.78125,-124.09375
2279,47.78125,-122.34375
2280,47.78125,-122.28125
2281,47.78125,-122.21875
2282,47.78125,-122.15625
2283,47.78125,-122.09375
2284,47.78125,-122.03125
2285,47.84375,-124.46875
2286,47.84375,-124.40625
2287,47.84375,-124.34375
2288,47.84375,-124.28125
2289,47.84375,-124.21875
2290,47.84375,-122.90625
2291,47.84375,-122.34375
2292,47.84375,-122.28125
2293,47.84375,-122.21875
2294,47.84375,-122.15625
2295,47.84375,-122.09375
2296,47.84375,-122.03125
2297,47.90625,-124.46875
2298,47.90625,-124.40625
2299,47.90625,-124.34375
2300,47.90625,-124.28125
2301,47.90625,-124.21875
2302,47.90625,-122.90625
2303,47.90625,-122.84375
2304,47.90625,-122.78125
2305,47.90625,-122.46875
2306,47.90625,-122.40625
2307,47.90625,-122.21875
2308,47.90625,-122.15625
2309,47.90625,-122.09375
2310,47.90625,-122.03125
2311,47.96875,-124.46875
2312,47.96875,-124.40625
2313,47.96875,-124.34375
2314,47.96875,-124.28125
2315,47.96875,-124.21875
2316,47.96875,-122.90625
2317,47.96875,-122.84375
2318,47.96875,-122.78125
2319,47.96875,-122.46875
2320,47.96875,-122.40625
2321,47.96875,-122.21875
2322,47.96875,-122.15625
2323,47.96875,-122.09375
2324,47.96875,-122.03125
